ID,Predicted Loan Status
4657,0
56440,0
42117,0
10849,0
39395,0
17557,1
906,0
43624,0
29017,0
32662,0
32790,0
23613,0
5931,0
35819,0
7821,0
11396,0
17998,0
41895,0
4039,0
52219,0
26808,0
5268,0
20510,0
21787,0
23002,0
7064,0
6319,0
21154,0
11753,0
1632,0
27695,0
19793,0
24787,0
32880,1
8931,0
612,0
35583,0
44263,0
25804,0
15639,0
36494,0
43647,1
19926,0
8238,1
4028,0
14044,0
32281,0
53916,1
49140,0
41672,0
4212,0
16601,0
32820,0
41824,0
45457,0
5528,0
17756,0
51443,0
1221,0
45664,0
9760,0
21798,1
37426,0
17160,0
41207,0
53383,0
39070,0
55214,0
12702,0
41356,0
31684,0
12733,0
44524,0
2758,0
11142,0
30168,0
6100,0
39632,0
16871,1
9902,0
30582,0
46752,0
57495,0
26981,0
54702,1
54523,0
40353,0
57063,0
22862,0
51073,0
40183,0
42365,0
40408,0
23719,0
33735,0
23846,0
10045,0
17688,0
20155,0
34058,0
42978,0
30202,0
36518,1
44913,0
22140,0
48054,0
44736,0
9544,0
53785,1
11601,0
54112,0
10218,0
53884,0
8194,0
54793,0
24352,0
32961,0
56851,0
11661,0
18342,0
41411,0
7681,0
15041,0
43393,0
17525,0
50239,1
19756,0
13141,0
37288,0
35834,0
22141,0
16451,0
22008,1
224,1
20604,0
32325,0
13529,0
3502,0
1792,0
38332,0
28249,0
31513,0
26749,0
18775,0
46758,0
5777,0
48189,0
37399,0
52717,0
11359,0
42390,0
24314,0
16355,0
13720,0
3780,0
16545,0
56949,1
49523,0
39681,0
11778,0
20889,0
35097,0
35593,0
46497,1
25153,0
26511,0
24029,1
30603,0
32700,0
57499,1
32958,0
56383,0
57122,0
45946,0
14631,0
54815,0
31019,0
30406,0
55576,1
33080,0
7267,0
52895,0
40347,0
41179,0
13048,0
58013,0
46739,1
18238,0
2854,1
11744,0
30381,0
20467,0
55256,0
12477,0
58211,0
33482,0
25769,0
971,0
19498,0
44427,1
273,0
27809,1
4976,0
15101,0
56947,0
56186,0
4894,0
16483,0
44295,0
21421,0
9194,0
11749,0
54392,0
15253,0
9186,0
38905,0
38246,0
11262,0
14486,1
36865,0
2095,0
5841,0
26585,0
55010,0
22648,0
19913,0
4219,0
11072,0
34612,0
22846,1
33437,0
44972,1
48948,0
8435,0
5610,0
17807,0
7029,0
54484,0
17967,0
16275,0
52123,0
23200,0
3388,0
33279,0
7678,0
28891,0
56680,0
12471,0
16697,0
9441,0
57217,1
28201,0
5637,0
42253,0
31561,0
49419,0
42632,0
48842,0
22917,0
56581,0
54089,0
7743,0
23884,0
58543,1
50190,1
54652,0
29834,0
47757,0
54699,0
4265,0
55460,0
24208,0
6234,0
10221,1
57826,0
32832,0
55683,0
22146,0
16295,1
52537,1
39622,0
18389,0
52426,0
19568,0
26476,0
8477,0
49026,0
38671,0
20562,0
56742,0
47432,0
21056,0
20743,0
34403,0
40652,0
2522,0
55840,0
2757,0
34280,1
43251,0
44956,1
41529,0
9281,0
13363,0
43267,0
484,0
46386,1
18713,0
49693,0
45971,0
18442,0
31754,0
42392,0
20712,0
35253,0
25961,0
13278,0
41744,0
17805,0
5866,0
10542,0
45537,0
30427,0
10665,0
13129,1
21090,0
11535,0
7201,0
20676,0
9538,1
55831,0
37767,0
51961,0
19453,0
37059,0
52688,0
55263,0
42776,0
10869,0
9869,0
29920,0
50264,0
7682,1
55063,0
55962,0
8035,0
10406,1
36127,0
54550,0
22367,0
14054,0
14143,0
45407,0
52124,0
14018,0
29935,0
50052,0
47573,0
44521,0
41143,0
58372,0
22637,0
25716,0
4639,1
37360,0
1638,0
2298,0
34893,1
41665,0
30534,0
9069,1
55714,0
47544,0
18173,0
21930,0
58506,0
50431,0
1175,0
19573,0
7680,0
13883,0
53666,1
26051,0
30696,0
40323,0
58209,0
11402,1
19364,0
42917,0
9683,0
21758,0
644,0
48914,0
32129,0
16522,0
19018,0
37442,0
17559,0
7528,1
7515,0
42890,0
34454,0
43053,0
43779,0
10675,0
9170,0
4285,1
42660,0
16584,0
42902,0
26677,0
38747,0
48764,0
6340,0
28882,0
30301,0
25065,0
46031,1
12498,0
33265,0
16300,0
23529,0
49616,0
13314,0
25306,1
39789,0
42064,0
24467,0
3918,0
10630,0
10803,0
38581,0
41412,0
57183,0
7324,0
52937,0
53038,0
4828,0
32837,0
26247,0
10539,0
49944,0
7162,0
58644,0
25558,0
52165,0
45321,0
16129,0
17026,0
15469,0
50321,0
10600,0
3524,0
33860,0
52346,0
2399,0
48981,0
25485,0
43941,0
29941,0
18478,0
36472,0
26180,0
36697,0
44474,0
17919,0
21894,0
42688,0
39488,0
564,0
19922,0
55641,0
7841,0
32952,0
1246,0
19253,0
55202,0
34894,0
47666,0
8297,0
19200,0
9172,0
1227,0
41202,0
2463,0
38586,0
1477,0
12136,0
44694,0
34989,0
51566,0
24349,0
46552,0
45385,1
49506,1
51542,0
27242,0
11088,0
11500,1
38535,0
41014,1
3142,0
3080,0
56642,0
6362,0
36452,0
51234,0
31584,0
44880,0
23217,0
12024,0
14029,0
23063,1
10469,0
21940,0
21850,0
50980,0
31790,0
23839,0
44766,0
49254,0
33213,0
43571,0
2893,0
40326,0
42866,0
49089,0
18233,0
26354,0
6491,0
38510,1
14636,0
38684,0
20083,1
12623,0
729,0
12692,0
828,0
47099,0
9536,0
5739,0
37312,0
25383,0
51528,0
36108,0
19452,0
50235,0
29836,0
12570,0
16115,0
32774,0
31637,0
19548,0
2980,1
41491,0
55930,0
6851,0
50920,0
1866,0
20315,0
9242,0
9189,0
48012,0
42005,0
45667,0
26100,0
38491,0
43385,0
1072,0
51004,0
1182,0
30422,0
3928,1
47845,0
54640,1
45721,1
3263,0
53461,0
17758,0
33564,1
53908,0
9100,0
44101,0
24884,0
35083,0
23573,1
24081,0
20740,0
36428,1
32855,0
8235,0
27096,0
33334,0
21166,0
56676,0
42149,0
44444,0
1580,0
43958,0
15364,0
35578,0
51576,0
29310,1
48786,0
54317,1
11436,0
38815,0
25211,0
17354,0
3914,0
22325,0
23106,0
17644,0
52007,0
18938,0
9631,0
39800,1
27006,0
19334,0
7514,0
8870,0
38681,0
12981,0
221,1
21671,0
462,0
19808,0
36043,1
10926,0
24558,0
32381,0
40740,0
57266,0
38414,0
49654,0
56804,0
3189,0
33611,0
11900,0
3715,0
32877,0
46823,0
22446,0
5013,1
39600,0
52989,0
8140,1
11209,0
7706,0
48315,0
35363,0
39992,0
55352,0
29020,0
43857,0
24032,0
49314,0
14957,0
32445,0
15807,0
1566,1
30772,0
44599,0
2777,0
22427,0
13150,0
44783,0
42605,0
19382,0
6199,0
10881,0
28254,0
48791,0
42980,1
14753,0
28580,0
24957,0
12130,0
40523,0
39447,0
52484,0
36675,0
54710,0
57218,0
49161,0
31664,1
49463,1
49910,1
35417,0
5148,0
48031,1
39453,0
4918,0
109,0
19620,0
44962,0
6985,0
2996,0
23295,0
14321,1
50836,0
34606,1
37624,0
37843,0
43581,0
40830,0
21268,0
51614,0
25341,0
49803,0
35678,0
45047,0
54880,0
46889,0
5488,1
18273,0
18465,0
48213,0
22816,0
45889,0
25982,0
37522,0
58029,0
32588,0
4729,1
21723,0
19021,0
13151,1
27016,1
29220,0
26397,0
24986,0
47486,0
2515,0
53016,0
54307,0
3840,0
51808,0
23617,0
46932,0
27450,1
20868,0
2359,0
50878,0
21967,0
8721,0
29275,0
10525,0
47089,0
42119,0
6232,0
15355,0
26524,0
14857,0
36921,0
46901,0
3335,0
42885,0
40629,0
5438,0
38120,0
19013,0
27918,0
56711,0
45594,0
37222,0
5819,0
48993,0
50692,0
42129,1
34696,0
53141,0
52190,0
31690,0
7110,0
14477,0
2210,1
5512,1
896,0
24100,0
32946,0
6484,0
44381,0
34327,0
48686,0
39769,0
1592,0
46222,0
51428,0
22160,0
33231,0
45943,0
34340,0
39533,0
48605,0
23263,0
39221,0
18434,0
588,0
9266,1
5563,0
53132,0
47883,0
39421,0
11208,0
5564,0
11821,0
27623,0
43692,1
48539,0
20267,0
34458,0
34827,0
54457,0
37811,0
40359,0
54070,0
27091,0
32310,0
50319,0
51393,0
5436,0
14969,0
33264,0
12894,1
54809,0
33849,0
57834,0
38508,1
12331,0
55247,0
3593,0
11527,0
30185,0
30633,0
28711,0
33338,0
22649,0
3242,0
31373,0
23264,0
8668,0
15978,0
11578,0
56888,0
48124,0
56451,0
40367,0
7055,0
37296,0
29719,0
17180,0
45849,0
30310,0
57418,0
16256,0
46263,0
17683,0
7027,1
46697,0
3638,0
30661,0
49670,0
32950,0
15587,0
49743,0
37724,0
27778,0
56915,0
33664,0
49917,0
23460,0
49125,1
15404,0
11933,1
37215,0
57483,0
37368,0
780,0
54907,0
41726,0
12214,0
50218,0
26750,0
57967,0
45359,0
32421,0
52827,1
43507,0
25376,0
5370,0
14964,0
11010,0
3836,0
15382,1
27422,0
31197,0
34156,0
44083,0
42336,0
6736,0
52464,0
5692,0
22938,0
5348,0
35331,0
33693,0
22907,1
21597,0
53718,0
29366,0
3601,0
50539,0
43058,0
51543,0
29307,0
41933,0
21745,0
32569,0
11299,0
46397,0
3789,0
9634,0
40623,0
3467,0
4060,0
40121,1
45533,0
8257,0
19042,0
46442,1
36105,0
22198,0
55979,0
29908,0
57723,0
40131,0
26590,1
29073,1
19754,0
21039,0
15666,0
31483,0
35784,0
38267,1
31911,0
45610,0
5748,0
13793,0
58470,0
15393,0
33943,0
37662,0
12610,0
19742,0
49546,1
12189,0
37005,1
41171,0
20979,0
19534,0
6974,0
3788,0
18483,1
25512,0
46060,1
8247,0
6483,0
39317,0
49373,0
56666,0
23865,0
50682,0
39782,0
50819,1
21425,0
47800,0
2867,0
28596,0
13075,0
52928,0
55564,0
8296,0
4609,0
26912,1
697,0
52459,0
13082,0
35473,0
12635,0
27060,1
34358,0
16816,0
12851,0
32474,0
6957,0
52743,1
22374,0
57038,0
26874,0
2592,0
55088,1
51607,0
30057,0
30718,0
58215,0
10609,0
9366,0
41835,1
32686,0
23522,0
35397,0
5718,0
35446,0
27395,0
35345,0
42644,0
46137,0
4155,1
28505,0
56885,0
51488,0
16854,0
9206,0
29161,0
19863,0
9023,0
44204,0
38966,0
20992,1
47479,0
52502,1
10459,1
39018,0
42888,0
58534,0
8613,0
33049,0
33669,0
237,0
21001,0
45909,0
3940,0
56586,0
48210,0
29603,0
8196,0
37998,0
50464,0
2008,0
25528,0
30356,0
8972,1
57853,0
43811,0
57970,0
37896,0
56347,0
12831,0
3037,0
42388,0
13791,0
48776,1
41588,0
53434,0
25571,1
17664,0
3136,0
31344,0
21434,0
13399,0
42905,0
39521,0
36752,0
35894,0
1570,0
48134,0
53749,0
52553,0
7128,0
57174,0
19574,0
21333,0
36653,0
476,0
49091,0
44170,0
37907,0
36852,0
51697,0
48704,0
56975,0
56215,0
3181,0
31424,0
4046,0
19904,0
17617,0
45014,1
44793,0
20518,1
29360,0
6821,0
54042,0
9478,0
8081,0
998,0
7427,0
2247,0
56103,0
1422,0
19599,0
9263,0
8740,0
34144,1
1334,1
9988,0
13726,0
32068,0
4772,0
46120,0
17666,0
54695,0
14163,0
32971,0
20691,0
20851,0
27064,0
6204,0
43736,0
3265,0
56051,0
3584,0
53843,0
34049,0
2351,0
11504,0
15520,1
8608,0
48862,0
55377,0
28012,1
58060,0
19588,0
23695,0
53859,0
40871,0
15363,0
41103,0
6759,0
6757,0
53310,0
39514,1
25754,0
20255,0
51664,0
40338,0
9804,0
48429,1
55426,0
5115,0
19227,0
41301,0
39621,0
19672,0
31942,0
914,0
9790,0
48527,0
40771,0
54154,0
33897,0
1856,0
37431,0
55254,1
30088,0
22826,0
57249,0
32549,0
19714,0
7306,0
43207,0
46730,0
49650,0
12659,0
6478,0
30452,0
44677,0
27852,1
13577,0
2761,0
58613,0
53392,0
34021,0
34586,0
24105,0
36749,0
50536,0
586,0
56510,0
28815,0
21595,0
20794,0
25786,0
31251,0
51912,0
49006,0
33449,0
2449,0
50779,0
22723,0
48746,1
2152,1
8480,0
1641,0
17753,0
10676,0
18885,0
33253,0
8913,0
17510,0
1005,0
8426,0
22186,0
24465,0
44392,0
21840,0
34515,0
22589,0
19535,0
43955,1
26559,1
27255,0
24921,1
55450,0
12230,0
20779,0
48000,0
26392,0
42393,1
2229,0
11496,0
48203,0
15012,0
46357,0
56117,0
31382,0
11065,0
36714,0
58056,0
40792,0
21741,0
55235,0
39747,0
42937,1
9836,0
17024,0
44817,0
39368,0
40678,0
21987,0
50625,0
29339,0
38872,0
57793,0
18647,0
36997,0
31937,0
28266,0
25200,0
29325,0
26053,0
53464,0
55659,0
42482,1
38297,0
11296,0
25026,0
10021,0
46194,0
39771,0
33391,0
21161,0
28108,1
34405,0
44422,0
12111,0
410,0
30514,0
29792,0
6573,0
52205,0
38972,0
34237,0
55516,0
37331,0
8936,1
43402,0
53451,0
36376,0
22055,0
11250,0
212,0
13035,0
56262,0
13868,1
12847,0
57318,0
42988,0
41501,0
7182,0
4503,0
9908,1
29112,0
23700,0
58568,0
8819,0
26695,0
17834,0
15999,0
35550,0
4162,0
27530,0
52240,0
43061,0
11212,0
10993,0
30891,0
31165,1
52548,0
55622,1
56027,0
23630,0
55563,0
47471,0
43587,0
25641,0
27711,0
52117,1
25932,1
3120,0
56289,0
14644,0
30470,0
30880,0
36554,1
14273,1
26701,0
23829,0
51320,0
43325,0
42027,0
35648,0
39250,0
18573,0
6651,1
47958,0
35138,0
30824,0
45696,0
2630,0
52672,0
1491,0
36804,0
38444,0
21829,0
10815,0
48188,0
7989,0
45476,0
9806,1
19327,0
20532,0
3099,0
4021,0
24192,0
26194,0
16530,0
23257,0
17887,0
53356,0
29471,0
43453,1
34255,1
9785,0
18551,0
17641,0
37995,0
37682,1
17294,1
37047,0
35927,0
6667,0
43128,0
36813,0
52110,0
31554,0
28509,0
21619,0
51570,0
5246,0
30296,0
27049,0
26383,0
45570,0
25578,0
16521,0
32760,0
48349,1
12432,1
38711,0
23787,0
41815,0
1498,1
52042,0
53673,1
53547,0
55917,0
1295,1
17863,0
57901,0
44550,1
55422,0
16703,0
25850,0
1710,1
41299,0
33057,1
36638,0
25776,0
36756,0
86,0
40817,0
15607,0
36934,1
31861,0
9613,0
10883,0
55333,0
44054,0
55020,0
1126,0
34920,0
22317,0
45265,0
50541,0
17930,0
9452,0
1463,0
41375,0
45499,0
12141,0
23969,0
431,0
17491,0
22477,0
45887,0
43100,0
8500,0
38717,1
14883,0
29795,0
56919,0
55294,0
13920,0
20370,0
8961,0
53313,0
16379,0
22081,0
58080,0
27211,1
46014,0
1978,0
55127,0
52456,0
44707,0
57354,0
5169,0
17407,0
57211,1
49336,0
43935,0
15621,0
41051,0
35855,0
4086,0
28252,0
40244,0
2990,0
42416,0
39953,0
35047,0
6687,0
2528,0
57691,0
10500,0
48841,0
9712,0
5146,0
7687,0
19803,0
48025,0
2778,1
32710,0
58553,0
29644,1
50433,0
33176,0
23367,0
20499,0
24614,0
38720,0
6948,0
24633,0
2101,0
28957,1
21670,0
34298,0
43781,0
51890,0
23587,0
43734,0
45205,0
15286,0
12622,1
57536,0
11740,0
17891,0
49276,0
35501,0
36407,0
45906,0
25955,0
51713,1
9024,0
7982,0
19762,0
20065,0
19038,0
17721,0
42457,0
26223,0
33990,0
27517,1
53505,0
3186,0
28425,0
38705,0
34756,0
40135,0
21020,1
30760,0
46947,0
8665,1
30281,0
30338,0
52192,1
46662,1
34427,0
49642,0
28567,0
29959,0
29453,0
14097,0
42195,0
35305,0
13312,0
31662,0
41749,0
48130,0
37213,0
26043,0
10206,1
50337,1
17552,0
2710,0
37000,0
35304,0
47178,0
14784,0
50488,0
40261,0
45196,1
19826,0
51177,0
6329,0
52373,0
7475,0
49496,0
22395,0
37787,0
18403,0
45155,0
1414,1
53110,0
36278,0
17239,0
35048,0
55111,0
41263,1
30812,0
11259,1
30717,0
25434,0
17128,0
30843,0
23309,0
12269,0
24851,1
37026,0
50525,1
38463,0
11710,0
49742,0
16625,0
50584,0
40717,1
14580,0
32509,0
33076,0
41072,0
8020,0
9468,0
27984,0
18500,0
15170,0
15119,0
18400,0
38572,0
41623,0
48150,0
40152,0
31039,0
5687,1
24784,0
41181,1
936,0
46221,0
30787,0
18707,0
27600,0
10958,0
40109,0
28046,0
1003,0
13480,0
50695,0
21920,0
29013,0
8182,0
47154,0
45261,0
35562,1
20993,1
16730,0
32318,0
5522,0
5784,0
52929,1
25408,0
55458,0
45805,0
34429,0
17079,0
25581,0
34175,0
45136,1
10474,0
38919,0
38476,0
55716,1
38574,0
34740,0
53927,0
8363,0
15806,0
1554,0
23861,0
20076,0
28674,0
37172,0
1879,1
4678,0
42163,0
49295,0
35952,0
47811,0
57761,0
45073,0
41640,1
35627,0
19578,0
24889,0
39394,0
15176,0
1219,0
17411,0
26812,0
1689,0
49410,0
57821,0
35028,0
14802,0
41690,0
48111,0
32146,0
51136,0
57319,0
11648,0
46188,0
9931,0
35873,0
21720,0
42843,1
32956,0
12475,0
27400,0
5265,0
58119,0
21960,0
6986,1
35140,1
57765,0
48790,0
31263,0
20052,0
2331,1
32290,0
29905,0
44174,0
56954,0
46652,0
18264,0
6132,0
31256,0
30258,0
30198,0
2349,0
28910,1
57396,0
369,0
34694,0
37969,0
55578,0
396,1
15962,0
28848,0
43889,0
1536,0
14290,0
41589,0
12000,0
6994,0
42032,0
28284,0
40466,1
2907,0
10941,0
46434,0
29226,0
32447,0
16196,0
18234,0
1164,0
10496,0
8675,0
26117,0
18289,0
35986,0
22237,0
38582,0
890,0
22334,0
13676,0
12495,0
54778,0
46161,0
54486,0
28713,0
38778,0
52457,0
3085,0
52236,0
25981,0
37077,0
24116,0
672,0
51150,1
15279,0
45378,0
55653,0
11658,0
57292,0
25321,0
30833,0
9621,0
23428,0
42629,0
39607,0
13289,0
54105,0
34438,0
22142,1
43942,0
1053,0
57172,0
49544,0
40436,0
18858,0
52080,0
41038,0
19886,0
53739,1
18783,1
7327,0
26516,0
58569,0
18670,0
23893,0
20424,0
57376,0
38904,0
6650,0
44466,0
45967,0
52244,0
2549,0
55631,1
50839,0
40565,0
12004,0
10013,0
41656,0
16714,0
29526,0
49511,0
31517,0
28045,0
5751,0
51454,0
49873,0
36840,0
46171,0
41878,1
26153,0
1748,0
36501,0
56658,0
25151,0
754,0
36916,0
13542,0
3564,0
12472,0
18736,1
27592,0
10369,0
56694,0
57662,0
56237,0
37082,0
18346,0
182,0
6513,0
5201,0
10253,0
1484,0
51679,0
49167,0
25812,0
53198,0
50140,1
32778,0
6188,0
6166,0
14880,0
6225,0
18979,0
10746,1
30525,0
5205,0
1584,0
31810,0
48413,0
51785,0
9038,0
9367,0
19247,1
43275,0
25526,0
280,0
36676,0
51881,0
12123,1
13909,0
10583,1
53007,0
46593,0
35716,0
43850,0
35125,0
51484,0
24625,0
12144,0
14295,0
8504,0
6808,0
19349,1
38326,0
24195,0
28828,0
4070,0
27658,1
45293,0
15597,1
56751,0
41629,0
47069,0
4252,0
9526,1
25045,1
40281,0
12154,0
19130,0
3425,0
14940,0
21547,0
31570,0
42584,0
35623,0
15796,0
27485,0
9008,0
16189,0
29180,0
21373,0
36684,0
34109,0
25310,0
24001,0
7822,0
7379,0
24239,0
42181,0
5090,0
43190,0
4229,0
37674,0
54682,0
54380,0
27706,0
57896,0
20034,1
32864,0
12335,1
17895,1
6418,0
23920,0
14554,0
7753,0
17657,0
47113,0
48057,0
10629,0
30774,0
25435,0
1097,0
17378,0
43508,0
36596,0
7167,0
19961,1
56182,0
55750,0
50410,0
37718,0
21335,0
50858,0
10574,0
53683,0
38873,0
40605,0
5089,0
48620,0
42022,0
9851,0
44416,0
52964,0
29642,1
52292,0
34322,0
51134,0
2885,0
34257,1
2826,0
48794,0
54882,0
50638,0
19740,0
24010,0
6006,0
15433,0
14916,0
50241,1
43163,0
56926,0
3272,0
31507,0
57083,1
44907,0
57267,0
41659,0
13852,0
44059,0
54850,1
15466,0
56172,1
19366,0
50074,0
10262,0
46017,0
20376,0
14871,0
56836,0
29149,0
3003,0
38073,0
27545,0
11594,0
46201,0
2969,0
11941,0
41622,0
12788,0
10445,0
15019,0
41957,0
2965,0
30474,0
26699,0
7258,0
4187,0
7266,0
20679,1
23330,0
8364,0
40924,1
40418,0
9462,0
33369,0
32908,0
12307,0
37698,0
6536,0
6648,0
37452,0
52254,0
25085,0
30388,1
50966,0
30495,0
9022,0
56850,0
44579,0
1583,0
34726,0
14832,0
5989,0
18496,0
43522,0
20864,0
14555,1
56953,0
38567,0
47616,0
56807,0
21721,1
44186,0
31073,0
35155,0
51141,0
35,0
28360,0
40199,1
48389,0
15694,0
20149,0
37382,0
5011,0
52194,0
21907,0
30674,1
43923,0
21628,0
51290,0
30159,0
3375,0
45225,0
45010,0
16357,0
12708,0
16573,0
51874,0
457,0
37254,0
58094,0
9353,0
10317,0
19421,0
2072,0
32185,0
8908,0
25113,0
24197,0
13683,0
42876,0
36582,0
28420,1
13471,1
43721,0
251,0
36797,0
37364,0
22497,0
14128,0
39672,0
52112,0
454,0
14354,0
27423,0
28248,1
50598,0
15517,0
51020,0
13911,0
37287,0
18031,0
7063,0
55414,0
6481,0
18794,0
9232,0
57754,0
11872,0
21328,0
43580,0
12613,0
52025,0
15125,0
52472,0
30730,0
41009,0
54925,0
26459,0
21749,0
29835,0
49279,0
29403,0
43720,1
3025,0
15500,0
15177,0
15109,0
33211,0
1270,0
40595,0
16900,0
11313,0
35781,0
28124,0
6756,0
46905,0
58043,0
12557,0
18461,0
27789,1
45762,0
5114,0
55851,0
56342,0
53449,0
21544,0
14471,0
45356,0
27226,0
12212,0
29933,0
54528,0
49204,0
24755,0
56753,0
16330,0
57657,0
58203,0
14894,1
10331,0
52460,0
21583,1
10660,0
48569,0
23011,1
32374,0
29109,1
41484,0
23335,0
6383,0
70,0
15157,0
6201,0
45653,0
22434,0
27645,1
949,0
21286,1
33248,0
26772,0
56369,0
40003,0
46949,1
20280,1
8375,0
15191,0
50091,0
55496,0
31081,1
4097,0
4948,0
49385,0
49609,0
578,0
15821,0
54601,0
43818,0
4679,1
49264,0
6288,0
4990,0
28476,0
9068,0
46419,0
3270,0
29306,0
51977,0
46082,0
43424,0
19079,0
43906,0
47070,0
1975,0
43193,0
31123,0
47271,0
27443,0
38609,0
27013,0
17348,0
31380,0
44671,0
43042,0
27667,1
43708,0
15199,1
51354,0
18600,0
20204,0
11986,0
44862,0
12737,0
5297,0
49071,1
17532,0
40480,0
35220,0
27212,0
38902,0
43342,0
7845,0
2527,0
55830,0
52839,0
33029,0
24098,0
56352,0
20925,0
53107,1
23751,0
7144,0
11861,0
31281,0
2558,0
13812,1
33022,0
31485,0
40530,1
38888,0
44883,0
681,0
52270,1
45902,0
51016,0
1388,0
52979,0
47140,0
56219,0
6293,1
51266,0
28681,0
14302,0
14000,0
34906,0
30840,0
1349,0
32965,0
43293,0
19126,0
30468,0
14095,0
16349,0
25862,1
42523,0
19214,0
9246,0
12949,0
37917,1
20508,0
23512,1
12964,0
26637,0
53815,1
45643,0
22722,0
40226,0
15664,1
47196,1
10678,0
24257,0
55037,1
26937,1
52003,0
27303,1
49836,0
501,0
16159,0
36309,1
36100,0
35203,0
14664,1
24725,0
27035,0
3570,0
11113,0
30927,0
15499,0
54104,1
50068,0
12203,0
54153,0
6435,0
20178,0
31111,0
8478,0
41013,0
35265,0
10565,0
25949,0
776,0
21041,0
24301,0
54041,1
35263,0
27859,0
29237,0
39276,0
19737,0
33136,0
25384,0
47233,0
31628,0
13441,0
14170,0
34619,0
18365,0
15027,0
36971,1
43670,0
32424,0
15056,0
52166,0
38928,0
40188,0
49009,0
3222,0
29597,0
51966,0
15502,0
48312,0
37472,0
31723,0
25175,0
1169,0
13114,0
46072,0
23334,1
43131,0
39348,0
37195,0
25029,0
36290,0
38175,0
41851,0
11852,0
32023,0
50922,0
37416,0
4053,0
50182,0
52239,1
41343,0
24471,0
47148,0
39485,0
11863,0
30227,0
26313,0
29438,0
19308,0
55788,0
43486,1
15897,1
41840,0
39109,0
11321,0
34284,0
54354,1
18804,0
55883,0
41930,0
4524,0
34402,1
36327,0
15153,0
1138,0
55567,1
110,0
17345,0
20972,0
7801,1
21298,0
38828,0
51103,1
13649,0
3834,0
19475,1
5106,0
25320,0
11272,0
21124,0
53563,0
34242,1
26059,0
31109,0
33707,0
38570,0
957,0
46664,0
50209,0
10657,0
27722,0
3804,0
19723,0
30748,0
26574,0
44952,1
12147,0
3073,0
55042,0
27838,0
5118,0
53930,0
24894,0
16152,0
32461,1
16495,0
47462,0
24528,1
54857,0
47987,0
43055,0
50571,0
32136,0
51042,0
10734,0
54216,0
12252,0
30504,0
8550,0
4863,0
44205,0
37910,0
33499,0
52387,0
30849,0
32968,0
19804,1
24672,0
6653,0
16437,0
21347,0
56633,0
24926,0
21609,0
38860,0
18285,0
12285,0
58314,0
20192,0
34015,0
22001,0
51837,0
40471,0
20784,0
41538,0
38236,0
29303,0
50391,1
17700,0
16511,0
20416,0
44531,0
18102,0
30830,0
31761,0
29280,0
25636,0
29422,0
10901,0
26792,0
22264,0
23444,1
15165,0
46033,0
23114,0
44145,1
56145,0
5970,0
52354,0
53465,0
32246,1
19273,0
20870,0
11917,0
47583,0
45309,0
38447,0
52470,0
8970,0
33802,0
26042,0
430,0
19114,1
39720,0
49553,0
15736,0
55182,1
4579,0
15766,0
53418,0
5711,0
40511,0
1281,0
51456,0
10593,0
1039,0
49390,0
31319,0
39361,0
49997,0
30442,0
18629,0
31179,0
8006,0
34176,0
22935,1
10735,0
45145,0
42654,0
44971,0
22085,0
1661,0
32120,1
38144,0
33323,1
10917,0
29679,0
11178,0
37592,0
55470,0
38912,0
30213,1
38178,0
55178,0
33267,0
428,0
4157,0
54800,0
38132,0
24075,0
664,0
53799,0
40858,1
58458,0
52627,0
32967,0
56927,0
28777,0
37671,0
44193,0
13912,0
38819,0
36164,0
24420,0
34014,0
41963,0
44851,0
1812,0
35306,0
14187,0
2949,1
22103,0
53428,0
27269,0
6526,0
5395,0
56738,0
27063,0
48115,0
17403,0
56941,0
4464,0
19959,0
2182,0
46470,0
23947,0
8394,1
292,0
13504,0
47104,1
37551,0
2616,0
49629,0
47083,0
31737,0
34965,1
21418,0
34190,0
1390,0
20959,0
40116,0
43473,0
54522,0
14446,0
80,0
58224,0
33259,0
124,1
25690,0
5476,0
57940,0
1402,0
47490,0
41704,0
12639,0
11729,0
6919,0
37378,1
49754,0
18184,0
53609,0
51329,0
15189,0
51561,0
51155,0
23679,0
41261,0
25031,0
7024,0
4815,0
12143,0
54035,0
26441,0
46209,0
47287,0
41005,0
2608,0
23414,0
38545,0
18131,0
29638,0
42009,0
48258,0
22968,0
41195,0
45636,0
6945,0
54296,0
14303,0
18923,0
43343,0
3698,0
39320,1
52433,1
49094,0
19263,0
5803,0
12443,0
42091,0
56959,0
812,0
16176,0
33296,0
2726,0
43300,0
43742,1
41264,0
773,0
55899,0
16269,0
17736,1
696,0
42263,0
32825,0
17792,0
17366,0
49124,1
28456,0
11550,0
15134,0
39831,0
1489,0
53296,0
34697,0
11067,0
8537,1
45361,0
53607,0
15738,0
39558,0
47122,0
6987,1
26800,0
54452,0
10946,0
33242,0
12486,0
43235,0
13905,0
4361,0
41759,0
32904,0
52223,0
7625,0
3154,0
28034,0
6271,0
46722,0
22087,0
45785,0
52830,0
1165,0
11868,0
19242,0
45992,0
5134,0
22034,1
29392,0
5975,0
30305,0
34384,0
37035,0
20879,1
53288,1
21284,0
42280,1
9183,0
29770,0
31035,0
25608,1
56652,0
32713,0
33698,0
27150,0
28956,1
34941,0
31764,0
28909,0
45904,0
20749,0
49212,0
35980,0
16434,0
35206,0
3935,0
8490,0
54498,0
55767,0
31565,0
29786,1
28323,0
4689,0
22734,0
51197,0
12932,0
42664,0
3495,0
1842,0
25263,0
37385,0
27969,0
19825,0
34741,0
35374,0
13039,0
49908,0
17162,0
23381,0
31844,0
8270,0
28303,1
22883,1
9141,1
5394,0
19113,0
6954,0
46211,0
34330,1
53279,0
38252,0
10146,0
29944,1
22133,0
53485,0
18086,0
19110,0
24810,0
114,1
295,0
27501,0
28458,0
25869,1
2593,0
8404,0
21296,0
58347,0
57160,0
3418,0
4788,0
38877,0
40008,0
18954,0
6995,0
16166,0
1618,0
26142,0
42967,1
39179,1
28852,1
53968,0
22924,0
50037,0
24653,0
2706,1
52183,1
23965,0
31525,0
6717,0
20667,0
37922,0
11508,0
26949,0
47418,0
12358,0
55322,0
23945,0
30174,0
54759,0
39757,0
24975,0
6196,0
24913,0
42532,1
12319,0
4091,0
25959,0
32440,0
21006,0
36886,0
24522,0
1253,0
27288,0
9055,0
2807,0
51788,0
58015,0
44649,0
44590,1
44125,0
46888,0
25284,1
2141,0
48941,0
54155,0
41550,0
45244,0
14313,0
26271,0
6666,0
6707,0
12528,0
32597,0
42877,0
54510,0
28316,0
24606,0
22342,0
11838,0
49218,0
37576,0
28683,0
28983,0
46875,0
19036,0
23841,1
3882,0
2322,0
3445,0
39838,0
16864,0
40518,0
31603,0
51862,0
48495,0
38048,0
9998,0
39370,0
44930,0
58030,0
16582,0
31310,0
55599,0
43740,0
1967,0
3156,0
43259,0
14304,0
6144,0
1793,0
23410,0
8891,0
25082,0
51597,0
8239,0
16853,0
7616,1
42083,0
36010,0
35514,0
39507,0
34013,0
35582,0
16123,0
36150,0
4264,0
49794,0
56625,0
44004,0
55196,0
49000,0
52455,0
1486,0
36485,0
43521,0
28125,0
14001,0
46258,0
41992,0
26434,0
51807,1
12387,1
55507,0
56579,0
53944,0
42521,0
13611,0
3829,1
12510,0
4057,0
27666,1
37255,0
56686,0
21344,0
35792,0
51519,1
21890,1
1410,0
13863,0
1030,0
38830,1
51296,0
48978,0
34339,0
16914,0
53948,0
19210,0
28954,0
48254,0
26731,0
43245,0
28679,0
2780,0
12597,0
45257,0
49856,1
16765,1
27816,0
27644,0
56076,1
7876,0
45709,0
38836,0
25612,0
16203,0
26896,0
26729,1
13132,0
42926,0
49126,0
39639,0
41999,0
54478,0
48499,0
11597,0
9011,0
33975,1
12376,0
30923,0
8517,0
31636,0
36508,0
9648,0
53097,0
57417,0
29838,0
37618,1
24994,1
20485,1
4672,0
56787,0
36759,0
12103,0
30263,0
16849,1
29445,0
29641,0
25780,0
18532,0
57809,0
27336,0
45058,0
19402,0
51910,0
44292,0
23503,0
32249,0
27070,0
33392,0
40561,0
26157,0
46068,0
4364,0
42241,0
20226,0
46066,0
23686,0
36119,0
27989,0
8089,0
41428,0
5275,1
39048,0
51119,0
39642,0
7360,0
31530,0
54387,0
50251,0
39732,0
15539,0
58415,0
26159,1
26491,0
36016,0
16886,0
45388,1
56868,0
4465,0
49093,0
23203,0
23964,0
18419,0
49805,0
58162,0
26063,0
23344,0
3955,0
34304,0
46128,0
5785,0
8854,0
25603,0
15318,0
44507,0
33749,0
52427,0
26254,0
9632,0
30513,0
15255,1
10351,0
41736,0
41338,0
35617,0
39701,0
22892,0
31567,0
36206,0
21687,0
48997,0
18674,0
56519,0
18219,0
52351,0
30152,0
54867,1
47624,0
7175,0
14948,0
53912,0
17582,0
10538,0
54496,0
11625,0
628,0
31204,0
27149,0
7613,0
17854,0
42008,0
1278,1
800,0
27321,1
1640,0
5159,0
12083,0
25610,0
43918,0
9618,0
38273,0
37202,1
51308,0
53833,0
22605,0
19433,0
55298,1
28007,1
53976,0
5491,1
47488,0
12830,0
57289,0
31112,0
43576,0
34067,0
9912,1
28070,0
23346,1
21956,0
53175,0
44236,0
33842,0
7586,1
34960,0
40867,0
44852,0
4402,1
45134,1
52220,0
18841,0
45455,1
42172,0
29463,0
29184,0
22543,0
38193,0
25021,0
50664,0
17825,0
20330,0
21726,0
44269,0
19557,0
37471,0
6890,0
42446,0
261,0
36089,0
44806,1
45100,1
1608,0
29249,0
54022,0
12090,0
5442,0
46283,0
4092,0
38625,0
46054,0
44711,0
20321,0
58522,0
1901,0
47884,0
17841,0
10613,0
5847,1
24943,0
26538,0
54329,0
49105,0
34272,0
40043,0
47876,0
44604,0
46353,0
6860,0
44141,0
1326,0
23755,1
48391,0
38789,0
45560,0
11599,0
51384,0
28468,0
46855,0
5034,0
27975,0
44931,0
4475,0
8781,0
16235,0
33255,0
39742,1
8741,0
19243,1
14888,0
58493,0
25944,0
51728,0
9234,0
54024,0
20788,0
11032,0
42647,0
44099,0
39511,0
49763,0
21877,0
3758,0
26217,0
58317,0
19388,0
20355,0
25554,0
47396,0
37112,0
35486,0
13534,0
23584,0
18049,0
35686,1
29308,1
45403,0
15832,0
36383,0
40662,0
26474,0
53642,0
41180,0
54595,0
38981,0
49591,0
38695,0
9391,0
20075,0
1194,0
4172,0
41826,1
44983,0
15970,0
19473,0
34781,0
5266,0
52058,1
37615,0
25621,0
3173,0
11582,0
46116,0
29998,0
36899,0
28313,0
35957,0
5843,1
1288,0
19858,0
34769,0
50884,0
22468,0
27461,0
52670,0
36864,0
18266,0
38713,0
52313,0
12933,0
54689,0
39611,0
55451,0
31648,0
5070,0
8074,0
16962,0
37273,0
9932,0
43501,0
38295,0
10640,0
7205,0
54899,0
35216,0
17616,0
37120,0
42135,0
24847,0
40478,0
29261,0
53942,1
50860,0
26996,0
47310,0
6601,0
25295,0
51731,0
22801,0
9519,0
58096,0
56828,0
25927,0
30293,0
6549,0
6390,0
56404,0
18842,0
51554,0
10880,1
28331,0
15815,0
147,0
42550,1
17914,1
27582,0
15725,1
21356,1
20969,1
43017,0
54334,0
10499,0
15825,0
7781,0
56673,1
7487,0
28700,0
42573,0
25238,1
23879,0
25141,0
55654,0
31080,0
31892,0
31931,0
95,0
32758,0
51072,0
32497,0
14222,0
28935,0
6,0
44394,1
25224,0
26983,0
35762,0
14673,0
21634,0
16234,0
41118,0
57999,0
33589,1
37923,0
34661,0
18314,0
3753,0
7836,0
898,0
46785,0
26848,0
9911,1
13098,1
14595,0
48461,0
35889,0
14076,1
32957,0
33336,0
10544,1
39061,0
57666,0
26702,0
20574,0
44994,0
23000,0
55624,1
18534,0
49971,1
659,0
2579,0
31083,1
40625,0
44747,0
54981,0
45617,0
49151,0
45023,0
32313,0
48575,0
39655,0
24779,0
38484,0
52333,0
12936,0
4035,0
37948,0
50387,0
24383,0
1181,0
46204,0
42753,0
41889,0
58343,0
53322,0
41981,1
32066,0
29726,0
13061,0
53000,0
2982,0
54648,0
33636,1
9709,1
3661,1
42931,0
46967,0
50908,0
50596,0
13461,1
44601,0
56244,0
12465,0
23796,0
52683,0
49031,0
23392,0
32533,0
45705,0
49718,0
19634,0
30018,0
24337,0
26244,0
34539,0
43746,0
5073,0
22946,0
3899,0
30882,0
14401,0
47484,0
26273,1
37681,0
19765,1
31292,0
38442,0
3953,0
40912,0
37648,0
6128,0
50558,0
13019,0
6904,0
12690,0
33135,0
56599,0
14188,0
6502,0
54662,0
39848,0
53970,0
3803,1
45942,0
28712,0
1256,0
39411,1
14200,0
39862,0
31200,1
23619,0
56011,0
56169,0
3131,0
31506,0
51549,0
8745,0
20964,0
4884,0
45258,0
4148,0
26945,0
231,0
8939,0
10592,0
54594,0
20465,0
21632,0
5367,0
16425,0
39774,0
20016,0
18641,0
10784,1
49884,0
16345,0
5920,0
30943,0
53913,0
53670,0
23036,0
52493,0
17922,0
16657,0
15081,0
50360,1
46911,0
35269,0
12678,0
47806,0
50735,0
22239,0
42556,0
13501,0
6556,0
19717,0
31581,0
34260,0
17808,0
33704,1
19443,0
45088,0
49263,0
4168,0
30478,0
38978,0
48727,0
17049,0
3214,0
26976,0
28301,0
7251,0
57530,0
25375,0
22664,0
19490,0
39646,0
32546,0
49673,0
35752,0
5946,0
57222,0
4613,0
31101,1
27755,0
57254,0
54389,0
8249,0
43452,0
39931,0
57861,0
56731,0
5345,0
25967,0
48402,0
10648,0
29420,1
25334,0
10064,0
46912,0
12440,0
7950,0
21519,0
8466,1
5896,0
12900,0
21590,0
34506,0
52641,1
57240,0
9317,0
25111,1
40920,0
28335,0
5966,0
18169,0
55949,0
5466,0
26360,0
48093,0
56504,0
35075,0
41695,0
28966,0
37549,0
15742,0
5325,1
35419,0
45109,0
30909,0
4805,0
33010,0
9620,1
56225,0
5672,0
57007,0
26860,0
32633,0
48327,0
57730,0
41088,0
43167,0
56883,0
56933,0
44893,0
32789,1
26231,0
57434,0
58542,0
57770,0
54472,0
47457,0
18999,0
5918,0
44396,0
8736,0
10130,0
22255,0
50506,0
29431,0
13047,0
42227,0
36900,0
53933,0
50783,0
39186,0
22037,0
5228,0
34921,0
11458,0
10172,0
51448,0
9030,1
8331,0
25969,0
40173,0
1621,0
9553,0
47404,0
35664,0
9976,0
29313,0
3697,0
50437,1
4347,1
55998,0
47844,0
58307,0
46630,1
26513,0
47402,0
9936,0
14391,0
27231,0
2574,0
25300,0
38184,0
3419,0
14233,0
46668,0
50593,0
12896,0
18813,0
4883,0
8350,0
50627,0
56607,0
17475,0
32802,0
22915,0
7270,0
24954,0
12193,0
17124,0
53879,0
45344,0
29579,0
37007,0
9093,0
22691,1
26302,0
46895,0
15425,0
13745,0
47739,0
52843,0
38322,0
43538,0
543,0
7040,0
25042,0
34858,0
57710,0
23046,0
26782,1
29085,0
39982,0
18495,0
1916,0
20850,0
25067,0
8034,0
34,0
32213,0
20091,0
58298,0
26963,0
12157,0
1736,0
35082,0
34104,0
54134,0
40103,0
6072,0
21229,0
26881,1
20717,0
7070,0
22489,0
27736,0
23311,1
53066,0
15838,0
32978,0
28232,0
26892,0
24759,0
4248,1
45305,0
18494,0
50675,1
44779,0
29456,1
37631,0
7568,0
708,0
50424,0
46439,0
30056,0
52604,0
7209,0
2098,0
9459,0
49725,0
52074,0
57643,0
41620,0
3184,0
52959,0
7143,0
43805,0
27791,0
29464,0
25830,0
12257,1
42184,0
34745,0
53270,0
41962,0
20440,0
47687,0
49655,0
34541,0
1655,0
16842,0
17212,0
48813,1
52687,0
17802,0
24615,0
17455,1
58457,0
21349,1
5927,0
45735,0
15757,0
47972,0
36354,0
6108,0
4269,0
31162,0
34691,1
44861,0
34853,0
17136,0
18094,0
50738,1
17271,0
8880,0
7320,0
52277,0
14320,0
44326,0
11342,0
41870,0
7298,0
8960,0
42480,1
36781,0
10436,0
27717,0
38948,0
15506,0
41268,0
36878,0
49524,1
13996,0
45319,0
12223,0
34987,0
8564,1
20685,1
39234,0
40873,1
49732,0
12957,0
11901,0
13059,1
39745,0
22240,0
4032,0
54081,0
31775,0
20763,0
34355,0
50780,0
27162,0
6425,0
40177,0
42347,0
47939,0
58370,0
10092,0
56744,0
15662,0
18149,0
5428,0
58391,0
29342,0
6778,0
21484,0
22392,0
19066,0
52207,0
46499,0
28321,1
56400,0
35522,0
41887,0
43575,0
34124,0
8546,0
14657,0
1180,0
14168,0
3248,1
17473,0
8788,0
23400,0
10415,0
21394,0
3393,0
14858,0
35213,0
48384,0
14700,0
42328,0
13643,0
5874,0
51827,0
37218,0
12687,0
2493,0
9398,0
34562,0
253,0
5549,0
18988,0
34825,0
24499,1
17170,0
44189,1
22248,0
40369,0
55715,0
15247,0
25950,0
42053,0
22866,1
56643,0
28663,0
41709,0
8470,0
54610,0
37022,1
54935,0
2814,0
55696,0
30235,0
51551,0
12371,0
10102,0
38779,0
285,0
210,0
30679,0
29407,1
46426,1
1557,0
56539,0
54828,0
32456,0
22346,0
10604,0
47260,0
23025,0
1372,0
9793,0
22197,0
1824,1
35848,0
34331,0
56582,0
35672,0
29705,0
15998,0
7705,0
23626,0
53694,1
38100,0
57308,0
4448,0
55238,0
11757,0
35626,0
19724,0
16079,0
53292,0
26876,0
29618,0
26496,0
8171,0
9389,0
48357,0
15780,0
32397,0
45038,0
18152,0
57329,0
52419,0
8786,0
6702,0
28932,0
52701,1
35988,0
52958,0
48072,0
48683,0
47794,1
36905,0
28407,0
12051,0
54551,0
24738,0
26537,0
49565,0
53893,0
16947,1
24939,0
30035,0
28158,0
19413,0
56229,0
6165,0
22128,0
51810,0
34222,0
20814,0
1314,0
14646,0
52693,0
13497,0
48331,0
54632,0
40488,0
34843,0
51682,0
41097,0
46009,0
44410,1
56735,0
39409,0
8530,0
53978,0
49406,0
18746,0
20940,0
30800,0
17599,1
6013,0
1696,0
11037,0
37028,0
144,0
50038,0
3104,0
39944,0
42373,0
40144,0
29853,0
48468,1
13857,1
48837,0
10434,0
52931,0
7718,1
842,0
50340,0
14473,1
30228,0
54059,0
5086,0
10758,0
23044,1
53208,0
23961,0
6010,1
52899,0
53090,0
1090,0
42228,0
12993,0
20230,0
5747,0
45779,0
47354,0
1483,0
39911,0
51249,0
26112,0
17786,0
16897,0
41847,0
37293,0
11483,0
32505,0
27261,0
45571,0
47653,0
19321,0
28813,0
962,0
31964,1
55956,0
6247,0
25527,0
47891,0
16987,0
3394,0
4128,0
29630,0
56365,0
27730,0
173,0
28918,0
19211,0
16372,0
25125,0
12181,0
33483,0
40945,0
45649,0
22914,0
15985,0
57923,0
49074,0
58582,0
47786,0
33668,0
17638,0
57846,0
37590,0
44259,0
24823,0
20728,0
58409,1
43985,0
34994,0
34261,0
24097,0
34198,0
37920,0
58419,0
51608,0
53592,0
11461,0
49736,0
23842,1
25657,0
21610,0
58092,0
19293,0
5453,0
48347,0
26659,0
14103,0
35960,1
40829,0
16179,0
1603,0
44489,0
17890,0
55207,0
42697,0
9584,0
24912,0
52684,0
57609,0
50604,1
57261,0
53025,0
32377,0
10477,0
11912,0
40125,0
3735,1
38793,1
29862,0
2110,0
32289,0
31893,0
56977,0
18349,1
30040,0
20934,0
16723,0
19182,0
26542,0
38718,0
46513,0
34373,0
43927,0
27783,0
47371,0
42824,1
17168,1
27449,0
22548,0
45703,0
18524,0
53569,1
1670,0
34900,0
32756,0
21382,1
4245,0
9064,0
56759,0
54992,0
2309,0
29930,1
51715,0
8251,0
17418,0
35379,0
52061,0
34927,0
19988,0
24242,0
55490,0
15208,0
30061,0
14430,0
20540,0
4614,0
18881,0
25194,0
41164,0
4144,0
23745,0
58239,0
381,0
53036,0
57062,0
22549,0
39998,0
26322,0
56331,0
4568,0
43029,0
49231,0
40267,0
15215,0
48936,0
27495,0
45514,1
11124,0
48079,0
26138,0
5125,0
16313,0
53176,0
35405,0
38064,0
5360,1
48759,0
39592,0
45821,0
32982,0
42817,0
14619,0
15384,0
19368,0
10012,0
36045,1
2851,0
25777,0
58125,0
47493,0
13651,1
46106,0
47032,0
56487,0
5369,0
39641,0
49122,0
57030,0
33250,0
16245,0
10276,0
4233,0
23338,1
15726,1
22177,0
5324,0
50418,0
37511,0
1590,0
56217,0
53497,0
55789,0
36906,0
29560,0
41610,0
24799,0
41063,0
39283,0
49361,1
15679,0
11348,0
46676,0
8193,0
6689,0
30610,0
6964,0
55471,0
10441,0
15617,0
34517,1
3653,0
22112,0
49636,0
49963,0
22965,0
47370,0
14500,0
45144,0
3288,0
20675,0
51477,0
14399,0
26787,0
926,0
55340,0
9845,1
6875,0
50892,0
28563,0
54026,0
27662,0
50471,0
44025,0
15135,0
62,1
54458,0
24378,0
51218,0
6724,0
39416,0
20798,0
10577,0
45699,0
8145,0
50888,0
48910,0
38527,0
25116,1
2191,0
2055,0
39228,0
14111,0
44187,0
5157,0
19860,0
40434,0
41154,0
55730,1
16883,0
18698,0
2296,1
37709,1
31009,0
53227,0
34682,1
34134,0
23198,0
21656,1
48184,0
32215,0
11786,0
51854,1
13263,0
39669,0
31687,0
47813,0
19609,0
32909,0
40959,0
6423,0
47253,0
33955,0
38690,0
13032,0
45557,0
56541,0
36808,1
2436,0
31718,0
42047,0
6926,0
7881,0
11042,0
49029,0
31549,1
2357,0
56431,0
57442,0
51524,0
52761,1
56703,1
505,0
16629,0
52525,0
32752,0
5572,1
57810,0
98,1
26805,0
2360,1
3180,0
30672,0
16577,0
4615,0
39735,0
51470,0
25800,0
30719,1
930,0
54871,0
15031,0
14341,0
27876,1
15024,0
36579,0
58387,0
24050,1
39705,0
53318,0
28374,0
18817,0
10894,0
33592,0
42341,0
14146,0
32985,0
28041,0
4878,0
12701,0
12522,0
45982,0
43500,0
39196,0
30647,0
373,0
3377,1
49504,0
50992,0
39728,0
38147,0
7760,0
216,0
22287,0
55530,1
44803,0
9311,0
19105,0
30708,0
268,0
48233,1
27359,0
7984,0
24781,0
15669,0
12619,0
29658,1
8400,0
14361,1
43348,0
32498,0
736,0
8739,0
10311,0
27634,0
43328,0
23305,0
36606,1
34918,0
40204,0
49942,0
35264,0
2782,0
14084,0
57991,1
34081,0
48398,0
5137,0
2767,1
12892,0
12052,0
29110,0
30184,1
40026,0
52639,0
16426,0
50704,0
6315,0
6930,0
4196,0
36685,0
1811,0
29731,0
3617,0
3885,1
55253,0
24637,0
4374,0
55928,0
45092,0
3168,0
1507,0
58076,0
21235,0
482,0
19524,0
34184,0
25516,0
57491,0
30071,0
14651,0
43786,1
18965,0
5396,0
4,0
38691,0
14443,0
40615,0
2324,0
7744,0
47820,1
199,0
225,0
14014,1
31405,0
40608,0
18376,1
14848,0
19538,0
18619,0
19375,0
29682,1
12680,0
49555,1
49716,0
41155,0
56589,0
38219,0
21051,0
38852,0
31004,0
7277,0
32973,0
40286,0
34096,0
24025,0
38961,1
29702,0
26473,0
51483,0
8581,0
5359,0
27471,0
429,0
44309,0
33446,1
45581,0
35785,1
35870,0
55074,0
44167,0
44157,0
47393,0
21995,1
49857,1
16097,0
57794,0
54072,0
39980,0
25353,0
31546,0
45628,0
16392,0
12724,0
14701,1
31136,0
26678,1
25136,0
9485,0
36832,1
24745,0
34181,0
43060,1
7318,0
16776,0
23399,0
55351,0
3095,0
4800,0
12594,0
53266,0
36339,0
55311,0
57749,0
6049,0
51041,0
15214,0
37434,0
56446,0
49684,0
41677,1
25419,0
1639,0
4724,0
18949,0
26413,0
34277,0
35668,0
17498,1
16381,0
41194,0
22323,0
46578,1
34423,0
45001,0
37232,0
18502,0
22779,0
55448,0
41485,0
25732,0
26565,0
32199,0
50853,0
14653,1
5517,1
16224,0
50465,0
32291,0
26187,1
45013,0
33047,0
42247,0
56830,1
4289,0
54531,0
19891,0
54255,0
4506,0
6175,0
55152,0
32618,0
6623,0
9195,0
55841,0
31579,0
56533,0
50962,0
36392,0
32041,0
13325,0
24263,0
4384,0
12353,0
4108,0
7964,0
30901,0
27760,0
56545,0
29042,0
6558,0
32816,0
45742,0
26001,0
16307,0
24629,0
43308,1
5567,0
38594,0
55205,0
45190,0
31438,0
33406,0
11081,0
4031,0
44321,0
22602,0
12340,0
585,0
9501,0
18521,1
39870,0
20251,1
19331,0
20716,1
54271,0
51764,0
35119,1
38894,0
49852,0
27919,0
6752,0
58498,0
5761,0
2960,0
35478,0
2899,0
49073,0
32054,0
46842,0
46597,0
12826,0
47294,1
4421,0
53606,0
52361,0
10852,0
10089,0
21082,1
48514,1
31435,0
5707,0
48691,0
7920,0
15864,0
14411,0
34671,0
49397,0
52072,0
50761,0
2299,0
57306,0
33101,0
29239,0
36753,0
40991,0
39902,0
31137,0
29606,0
33448,0
31924,0
22408,0
57728,0
51758,0
20385,0
12050,1
44875,0
45924,0
36817,0
33134,1
44487,0
45566,0
11069,0
35116,0
16158,0
8935,0
8780,0
48464,0
34703,0
36666,0
25819,0
26495,0
4704,0
10877,0
58318,0
39379,0
10371,0
41460,0
57353,0
33494,0
6366,0
7002,0
47020,0
15356,0
23208,1
39898,0
9312,1
54339,0
29459,0
274,0
19850,0
1731,0
37020,0
21648,0
19553,0
28545,0
8993,0
44368,0
49366,0
48894,0
30360,0
54967,1
21247,0
42434,1
14527,0
25565,0
47401,0
27590,0
24572,0
43127,0
5537,1
26479,0
57462,0
54082,0
53756,0
2746,0
2494,0
34655,0
10989,0
1319,0
51941,0
4573,0
33442,0
34250,0
31071,0
47516,0
13734,0
19985,0
47061,0
42694,0
21579,0
27080,1
12859,0
53953,0
45954,1
15943,0
37517,0
20031,0
52632,1
21855,0
54625,0
29748,0
36065,0
39090,0
16323,0
22903,0
14169,0
44203,0
31925,0
16935,0
25304,0
20919,0
5771,0
44903,1
31464,0
13540,0
44195,0
49853,0
13010,0
52483,1
24167,0
50125,0
53765,1
11275,0
54866,0
44733,0
9314,0
42912,0
43556,0
15767,0
7785,0
21385,0
33554,0
13282,0
6656,0
167,0
42852,0
27493,0
45267,0
38254,0
13190,0
176,0
8115,0
32306,0
9301,0
40890,0
19241,0
27121,0
33125,1
50110,0
57464,0
36539,0
51980,0
3211,0
50582,0
13040,0
57479,0
2578,0
11716,0
18696,0
23187,0
57154,0
7696,0
40,0
29081,1
38993,0
39170,0
55628,0
32861,0
53050,0
17008,0
31067,0
52605,0
56961,0
41682,0
36560,0
1791,1
43951,0
35126,0
42185,0
35736,0
5835,0
14492,0
28154,0
16655,0
4939,1
26364,1
21334,0
31365,1
24422,0
4985,0
29449,0
2742,0
55702,0
12418,0
58312,0
36347,0
15937,1
15192,0
14998,0
58330,0
16125,0
33558,1
20170,0
6921,0
49528,1
28590,0
9129,0
22047,0
38013,0
11203,0
29875,0
37101,0
52105,0
10460,0
8755,0
21036,0
44168,0
30167,0
53678,0
15686,0
53299,0
48811,0
56453,0
18187,0
33247,0
43140,0
37838,0
20275,0
17853,0
54219,0
55420,0
52475,0
9720,0
53454,0
25438,0
3279,0
30914,0
14766,0
57985,1
38864,0
46539,0
26612,0
35384,0
32928,0
15714,0
28235,0
14668,1
1124,0
53584,0
17012,0
49086,0
38772,0
58018,0
29474,0
24960,1
33854,0
30402,0
23715,0
41336,1
34613,0
25231,0
14164,0
38558,0
5253,0
9977,0
39860,0
32485,0
54607,0
53063,0
31203,0
44634,1
16293,0
35237,0
37163,0
3767,0
1118,0
21564,0
19386,0
6917,0
45522,0
48109,0
5712,0
4829,0
36773,1
22384,0
25245,1
33017,0
8909,0
39571,0
2476,0
38260,0
44586,0
5333,0
52935,0
49044,0
15542,0
45116,0
30789,1
31304,0
385,0
28104,1
31995,1
5770,0
32153,0
21835,0
35803,0
37337,0
9856,0
3519,0
884,0
9590,1
2235,0
48470,0
28638,0
27300,0
10996,0
36750,1
14276,0
54115,0
23048,1
17436,0
11789,0
40405,0
32096,0
51876,0
44828,0
28998,0
52287,0
7592,0
47822,0
19145,0
19496,0
41408,0
45830,0
17009,0
36374,0
50988,0
14398,0
10239,1
30457,1
22108,1
34334,0
7608,0
45274,0
41879,0
26704,0
24573,0
44920,0
40835,0
6095,0
22636,0
9842,0
10742,0
16517,0
20418,0
13373,1
42959,0
16342,0
33588,1
33245,0
9447,0
26083,0
38028,0
23329,0
24012,0
25354,0
26266,1
38555,0
6936,1
20089,0
48143,0
16981,0
7343,0
12928,0
10708,0
7829,1
38483,0
56429,1
53733,1
20909,0
39277,1
24542,0
19345,0
55589,1
42490,0
3585,0
8901,0
15159,0
39035,0
7567,0
55452,0
36546,0
29253,0
49222,0
26304,0
27715,1
2668,1
14960,0
4203,0
49226,0
52552,0
52435,0
56904,0
35332,1
41260,0
35831,0
53297,0
27473,0
41039,1
3645,0
55356,0
5058,0
40017,0
29691,0
3751,0
43606,0
48056,0
45216,0
21469,1
40380,0
11307,0
3076,0
38716,0
5223,1
29357,0
39088,0
7168,0
27116,0
49967,1
34997,0
39955,0
29435,0
28701,0
18590,0
56047,0
10612,0
49141,0
43440,0
44190,0
13139,0
50774,0
50646,0
18621,0
40613,1
7451,0
5227,0
53199,0
49246,0
15006,1
41354,0
25007,0
39977,1
7091,0
19314,0
21641,0
56073,0
36908,0
41587,0
57406,1
57341,1
52181,0
54936,0
42073,0
21893,0
1174,0
23389,0
1563,0
39538,1
53135,0
45175,0
47713,0
51737,0
45189,0
36557,1
39988,0
33507,0
10132,0
47328,0
49999,0
33470,0
21402,0
52382,0
23870,0
12542,0
52531,0
44635,0
48486,0
30597,0
57576,0
47342,0
14381,1
34577,0
47431,0
2097,0
20392,0
57273,1
17915,0
57014,0
35538,1
12005,1
16348,0
51657,0
508,1
45007,0
58631,0
4850,0
35979,0
17074,0
49992,0
33478,0
42872,0
50635,0
56784,0
54544,0
9480,0
39130,0
58098,0
23037,0
34487,1
13941,0
31808,0
39319,0
13539,0
22729,0
49520,0
57827,0
32531,0
23403,0
18572,0
50242,0
40904,0
4215,0
7401,0
40826,0
31512,0
34065,0
35372,0
47318,0
18476,1
54283,0
43495,0
31640,0
8501,0
14771,0
42126,0
15872,0
30278,0
38156,0
24038,0
14946,0
49779,0
18421,0
53386,0
53100,1
332,0
17147,0
36117,0
39480,0
26982,0
16739,0
49752,1
28650,0
6065,0
874,0
41543,0
20262,0
40203,0
17526,0
7686,1
32932,0
43699,0
46133,0
1317,1
51873,0
15267,0
27455,0
55488,1
49628,0
13431,0
14090,0
25244,0
9645,0
53527,0
40163,1
4304,0
19626,1
29503,0
30371,0
14343,0
52644,0
10817,0
49513,0
9598,0
27732,0
45546,0
56976,0
18299,0
2672,0
56034,0
3002,0
53335,0
24859,0
5977,0
14467,1
48855,0
17394,0
6685,0
18780,0
52960,0
15067,0
58340,0
39788,0
26024,1
19505,0
21772,0
51689,0
36957,0
12064,1
57753,0
21779,0
49404,0
9738,1
48685,0
30919,0
37572,0
25258,0
35778,0
24602,0
33157,0
21070,0
18684,0
6415,0
55036,0
13013,0
53626,0
41649,0
46898,0
54519,0
26371,0
40241,0
13203,0
30920,1
45115,0
46543,0
28786,0
32350,0
20290,1
23637,0
5152,0
40482,0
12628,0
6111,0
14049,0
20737,0
36568,0
35415,0
4969,0
17020,1
17210,0
31328,0
28300,0
9798,0
47091,0
25461,1
44364,0
53964,0
9010,0
955,0
28479,0
39000,0
28336,0
8528,0
8718,0
38105,0
12422,0
48323,0
466,0
35145,0
55389,0
21870,0
28147,0
36711,0
21363,0
24875,0
48951,0
23815,0
53914,0
34713,0
35564,0
31427,0
39327,0
5045,0
27057,0
24543,0
21429,0
48567,1
9118,0
43435,0
9019,0
22780,0
39796,0
23820,0
53523,0
43977,0
10688,0
29356,0
20631,0
34391,1
49635,0
56569,0
13561,0
43836,0
56969,0
4859,0
27390,0
3441,0
43470,0
53057,1
45324,0
13847,0
44053,0
44300,0
52506,1
19258,0
49914,0
18995,0
9061,0
31577,0
34180,0
47674,0
23975,0
46395,0
7650,1
50414,0
22575,1
46923,0
20484,0
52006,0
48645,0
8368,0
53205,0
23176,0
49267,0
15207,0
16420,0
40504,1
27615,0
13927,0
5763,0
37299,0
44830,0
9267,0
53255,1
39623,0
57248,0
12261,0
9405,0
11337,0
18896,0
20768,0
4243,0
56332,1
14543,0
11790,0
26323,0
29947,0
8506,0
13090,0
20168,0
27404,0
21144,0
1572,1
8879,0
35112,1
35977,0
39212,0
8455,0
13819,0
9654,0
42282,0
54986,0
52463,0
54448,0
28837,0
15598,0
38281,0
21202,1
49659,0
26045,0
35041,0
756,0
13661,0
2975,0
5314,0
38127,0
46452,0
25328,0
41567,0
58267,0
44508,1
36190,0
26436,0
58064,0
3761,0
19820,0
15010,1
38601,1
7640,0
50366,0
51891,1
39483,0
39843,0
7217,0
21743,0
44485,0
39698,0
30940,0
17894,0
40334,0
17820,1
30658,1
4040,0
31743,0
55061,0
35251,0
30711,0
40191,0
54753,0
45794,0
4348,0
50843,0
51843,0
34466,0
14494,1
6357,0
19034,0
45437,0
34679,0
25811,0
37320,0
17516,1
29761,0
33702,0
6019,0
5981,0
9270,0
51602,1
20777,0
8886,0
37074,0
13131,0
29987,0
41189,0
5657,0
37775,0
29924,0
13404,0
57689,1
19721,0
48989,0
32516,0
19785,0
37414,0
353,0
16399,0
45078,0
25827,0
9235,0
38339,0
38726,0
28823,0
47338,0
1900,0
25497,0
35350,0
17992,0
11670,0
7072,0
29528,1
49206,0
22651,0
47102,0
16380,0
36173,0
6036,0
57034,0
22530,0
35816,1
6742,0
16063,1
12758,0
8713,0
20898,0
22681,0
56268,0
44939,0
51653,0
43912,0
34486,0
10439,0
16801,0
646,0
32814,1
1059,0
53559,1
7414,0
31605,0
19593,0
20415,0
56649,0
9167,0
44770,0
54557,0
12633,0
37454,0
4980,0
8153,1
40022,0
47443,0
4227,0
10240,0
50801,0
26344,0
54218,0
47840,0
13192,0
21558,0
9918,0
7844,0
6434,0
9199,0
33631,0
50392,0
51783,1
29590,0
15230,0
43673,1
53398,0
19168,0
58594,0
30967,0
52275,0
892,0
55736,0
20550,0
20198,0
3919,1
39160,1
21704,0
7497,0
41801,0
42930,0
33694,0
12409,0
4645,0
44667,0
14493,0
20419,0
36006,0
44530,1
39552,0
35692,0
21822,0
54241,0
36255,0
47986,0
16528,0
58264,0
2266,0
41861,0
6482,0
35274,0
19138,1
28364,0
35974,0
18182,0
56526,0
16507,1
48600,0
13946,0
37880,0
10761,0
46367,0
13243,0
50903,0
26192,0
29286,0
14902,0
12169,1
21102,0
15922,0
4012,1
37243,0
45885,0
32547,0
48172,0
3426,0
31234,0
45688,0
20847,0
36458,0
47952,1
22561,0
34950,0
9125,0
53156,0
40832,0
31366,0
17134,0
54062,0
24108,0
18856,0
28847,0
55119,0
44858,0
49175,0
55558,0
19175,0
16790,0
44934,0
56065,0
2858,0
54146,0
6916,1
30275,1
35961,0
36699,0
39960,0
26781,1
52706,1
27985,0
18432,0
12551,1
2863,1
8943,0
23622,0
56869,0
7278,0
32947,0
51889,1
34251,0
14808,0
47944,0
50577,0
41070,0
11873,0
46734,1
7708,0
22167,0
43337,0
14326,0
36335,0
27651,0
58342,0
52243,0
22283,0
1534,0
13557,0
43156,0
28822,0
17298,0
592,0
34702,0
39865,1
23801,0
49924,0
31268,0
13653,0
20916,1
22143,0
57683,0
11451,0
12640,0
12059,0
7220,0
20285,1
19438,0
8385,1
20038,0
821,0
12345,0
12520,0
22344,0
21024,0
53504,0
25652,0
3094,0
35175,0
48187,0
22808,0
36502,0
33224,0
48896,0
2729,0
38857,0
6913,0
32164,0
9351,1
41416,0
20254,0
46328,1
35161,0
33144,0
36369,0
6809,0
32361,0
44315,0
39814,0
16586,0
52129,0
3053,0
2408,0
37250,1
5836,0
50219,0
37108,0
51143,0
17962,0
13252,0
4095,0
10927,0
54947,0
57857,0
50153,0
35500,1
17520,0
27630,0
2328,0
28339,1
41948,0
31866,0
5627,0
12945,0
39216,0
34025,0
16009,0
47797,0
26740,0
31057,0
53845,0
7780,1
53548,0
58000,0
53809,0
42975,0
46297,0
1163,0
11968,1
19153,0
37391,0
25400,0
29914,0
6429,0
38937,0
58157,0
9249,0
46012,0
50162,0
22519,1
41480,1
42449,0
25828,0
4377,0
39849,0
12354,0
28855,0
52620,0
14237,0
4836,0
2915,0
22204,0
22294,0
49184,0
9403,0
44670,0
14293,0
26351,1
36371,0
45169,1
9384,0
45043,0
6990,0
11518,1
36004,0
17963,0
49571,0
32631,0
5929,0
55456,0
2135,0
32086,0
29972,0
14050,0
20915,0
41052,0
41852,0
5211,0
12293,0
11983,1
6976,0
22835,0
10324,0
51996,0
58535,0
49382,0
23774,0
4346,0
50871,0
18479,0
3737,0
11293,0
55378,0
15532,0
29996,0
58160,0
52939,1
3541,0
31479,1
35893,0
3798,0
51829,0
38395,0
32962,0
38421,0
48833,0
53956,0
41696,0
3220,0
50365,0
21461,0
36720,1
37829,0
16113,0
57448,0
47514,0
33208,0
58280,0
748,0
7479,1
57632,0
35229,0
50455,0
2891,0
48525,0
47244,1
34278,0
18145,0
1751,0
51840,0
6939,0
20839,1
4488,0
56771,0
3245,0
31580,0
44293,0
53961,0
18203,0
36537,0
57639,0
50938,1
24212,0
314,0
9758,1
45882,0
3444,0
2295,0
51605,1
879,0
18215,0
23639,0
56542,0
31527,0
25450,0
12187,0
14403,0
38198,0
8914,0
33857,0
1061,0
3241,0
45578,0
57349,0
53560,0
13624,0
10821,0
19155,0
27834,0
32085,0
44272,0
6497,0
30574,1
40208,0
55547,0
9044,1
51108,0
28289,0
58216,0
5954,0
51310,0
36615,0
28986,0
15557,0
53477,0
57348,0
47415,0
40914,0
6328,0
24825,1
22235,0
15480,0
35913,0
37987,0
41255,0
28692,0
2644,0
48621,0
26662,0
44637,0
41040,0
36232,0
19341,0
11247,0
21239,0
53337,0
40967,0
30594,0
20458,0
31961,0
103,0
54953,0
29704,0
44235,0
50651,0
4669,0
51997,0
36353,0
41,0
24790,0
34809,0
49173,1
54560,0
24628,0
31260,0
6515,0
16031,0
50767,0
18958,1
51328,0
26169,0
35217,0
17249,0
7652,0
15719,0
23830,0
2984,1
46920,0
25546,0
28089,0
13695,0
18655,0
52946,0
54530,0
51923,0
38876,0
20413,0
57607,0
50171,0
36911,0
4251,0
54888,0
1574,0
40075,0
26764,0
28863,0
55669,0
38432,0
1985,0
16053,1
9877,1
42173,0
42167,0
18163,1
8510,0
39630,0
4759,1
10824,0
24584,0
43517,0
31355,0
4519,0
58139,0
17497,0
57566,0
22632,0
49783,0
33761,0
13956,1
31257,0
26934,0
33881,0
7208,0
2874,0
18457,0
24906,0
39272,0
16397,0
23056,0
49499,0
25374,0
30236,0
42553,0
56231,0
42763,0
44198,0
36988,0
3227,0
42312,0
21915,1
18591,0
46731,0
26227,0
8489,1
16114,0
46813,0
23129,0
23656,0
42702,0
56036,1
6933,0
18533,0
56946,0
44877,0
13976,1
3609,0
48573,0
28680,0
26822,0
2679,0
24245,0
20327,0
8454,0
6561,0
17537,0
4877,0
11482,0
39586,0
43544,0
35223,0
10504,0
27998,0
36702,0
49849,0
48556,0
47519,0
26023,0
42011,0
3597,0
50706,0
34475,0
34670,0
14355,1
45576,0
2564,0
36947,0
3315,0
2530,0
33138,0
38853,0
58411,0
55932,0
18200,0
30323,0
12362,0
57327,1
17933,1
38352,0
25577,0
12753,0
8676,0
12668,0
3431,0
1000,0
14759,0
17123,0
58235,0
11041,0
18083,1
1406,0
43236,0
47659,0
39803,1
54928,0
30166,0
43929,0
25076,0
30282,0
54993,0
33676,0
7725,0
52367,1
23370,0
42969,0
22719,0
17227,1
23556,0
54234,0
12838,0
55784,0
53575,0
1127,1
30673,0
30665,0
55765,0
29282,0
38288,0
18081,0
14761,0
30675,0
39413,0
32502,0
49064,0
8578,0
32064,0
43675,0
53395,0
2791,0
29439,0
24871,0
40313,0
38082,0
52491,0
39635,0
47678,0
15039,1
32253,0
30010,0
15262,0
49478,0
3660,0
53773,0
40800,0
41644,0
46205,0
54418,0
36987,0
49451,0
51761,0
35827,0
26815,0
29671,0
21317,1
33281,0
1822,0
29724,0
44742,0
37769,0
29093,0
12426,0
44856,0
36792,0
22950,1
965,0
46487,0
18977,0
17082,0
38979,0
29462,0
28406,0
13816,0
43153,0
10153,0
7416,0
33309,0
10820,0
51037,0
20118,1
39910,0
48927,0
17237,1
52513,0
2954,0
54537,0
7499,0
27828,0
20958,0
47728,0
41497,0
36036,1
23454,0
51467,0
56148,0
43752,0
9937,0
444,0
58187,0
36802,0
8659,0
49005,0
5936,0
9981,0
23158,1
38584,0
2432,0
34796,0
22646,0
10424,0
25624,0
20705,0
12347,0
8279,0
13752,0
51315,0
31388,1
25951,0
5732,0
21156,0
18382,0
46564,0
47302,0
45640,1
36102,0
48521,0
44105,0
29359,0
13701,0
43761,0
10199,0
10393,0
43684,0
9728,0
53113,0
39775,0
21190,1
7478,0
17089,0
14448,0
24431,0
56923,0
39106,0
36211,0
51438,0
40420,0
57087,0
19730,0
2762,0
18550,0
16222,0
9146,0
28271,0
51635,0
2625,1
55515,0
866,0
38343,0
11265,0
11239,0
23881,0
24171,0
18127,0
49643,0
31064,0
21075,0
29115,0
18664,0
16933,0
48122,1
9887,0
35535,0
45200,0
24424,1
56540,0
32204,0
2165,0
30726,0
10453,0
43364,0
28609,0
8925,0
2185,0
47555,0
41871,1
30115,0
3649,0
39712,0
21018,0
43549,0
30165,0
20361,0
22775,1
21998,0
50607,0
8836,0
12110,0
36581,0
54228,0
904,0
21964,0
22071,0
3030,1
2569,1
28329,0
50531,0
29298,0
7646,0
10853,1
5701,0
24228,0
46186,0
335,0
25870,0
39690,0
4822,0
29981,0
28019,0
57036,0
27334,0
43755,0
50374,1
50812,0
23791,0
35905,1
50063,0
10063,0
14013,0
50144,0
7932,0
54817,0
17039,0
18360,0
56291,0
51628,0
51754,0
39430,0
21837,0
17016,0
56772,0
52248,0
43449,0
1276,0
10907,0
57018,0
12736,0
10986,1
28075,0
43859,0
26369,0
55890,0
54916,0
11376,0
7100,1
11902,0
853,0
27611,0
16274,0
8941,0
30092,0
27904,0
3035,0
14936,0
41178,0
33052,0
38858,0
30501,0
9059,0
57652,0
45616,0
7180,1
15555,0
8188,0
10307,0
53588,0
18575,0
28818,0
17031,0
55359,0
14524,0
19532,0
53925,0
18511,0
32051,0
36710,0
21023,0
39877,0
16050,0
13459,0
52722,0
26168,0
50944,0
34030,0
56029,0
4890,0
6769,0
43557,0
45755,0
4207,0
4569,0
11429,0
54275,0
55295,0
43457,0
6075,0
48338,0
58002,0
54210,0
13924,0
51943,0
29649,0
38794,0
50406,0
15093,0
33394,0
44928,0
9789,0
1392,0
32853,0
6268,0
56327,0
46111,1
37448,0
9258,1
27368,0
9354,0
53374,0
9960,0
25699,0
47898,0
32392,0
15236,0
7133,0
29106,0
12536,0
32187,0
32578,0
20199,1
4130,0
32730,0
32506,0
34784,0
57368,1
58274,0
1397,0
3016,0
13858,1
18960,0
53865,0
14104,1
25907,0
25326,0
55184,0
41760,0
31117,0
44676,0
36348,0
24947,1
16817,1
21445,0
37144,0
26501,0
53421,0
23273,0
38608,0
6161,0
27320,1
12027,0
13458,0
7340,0
45625,0
18848,0
8042,1
36352,0
27418,0
17108,0
22073,0
35040,0
27668,0
31564,0
29643,1
50748,0
56509,0
27295,0
4879,0
23343,0
52517,0
7892,0
52941,0
35516,1
13400,0
49505,0
23353,1
54803,0
37189,0
3503,0
725,1
8797,0
9829,1
42551,0
6322,0
32487,0
33393,0
26615,1
58604,0
15633,0
8451,0
49303,0
33498,0
8773,0
58408,0
54694,0
24650,0
6373,0
12372,0
37033,0
45556,0
8075,1
10268,0
19652,0
9807,0
38456,0
687,0
11044,0
1864,0
38497,0
40680,1
5262,0
41371,0
26085,0
41047,0
11988,0
42301,0
49518,0
24155,0
16339,0
39869,0
13914,0
49710,1
1558,0
34692,0
43476,0
45811,0
19174,0
30456,0
29012,1
24068,0
51252,0
38954,0
24441,0
55258,0
12617,0
37187,0
16840,0
35655,0
8479,0
11306,0
29330,0
14521,1
24128,0
38446,0
55060,1
54181,1
37722,1
8481,0
51444,0
34778,0
3799,0
51321,0
49921,0
43682,1
38500,0
4563,0
40897,0
47042,0
10189,0
15578,0
46902,0
30458,0
27000,0
277,0
57082,0
20005,0
23167,0
11245,0
186,0
19224,0
36330,0
7481,0
12184,0
2000,0
56815,0
56741,0
52708,0
23579,1
20902,0
2338,1
12899,0
40743,0
32984,0
17876,0
10009,0
21937,0
12435,0
11477,0
25483,0
51692,0
43637,0
30822,0
45463,0
16409,0
53412,1
6388,0
47141,0
41234,0
52009,0
6020,0
16062,0
41317,0
593,0
1721,0
16454,0
31757,0
13614,0
14972,0
36791,0
23493,0
1576,1
20848,0
8241,0
46561,0
45839,0
36822,0
8790,0
30912,0
24646,1
55149,1
17515,0
11400,0
5187,0
39853,0
30145,0
40242,0
21417,1
31588,0
47746,1
45352,0
26260,0
18172,0
37484,0
29088,0
48693,0
54623,1
43366,0
11062,1
37877,0
8473,0
25267,0
51641,0
25667,0
26581,0
50133,0
31611,0
41763,0
18862,0
18692,0
1453,0
33287,0
43992,0
10049,0
9057,0
57854,0
4510,0
53533,0
28048,0
848,0
56159,0
41619,0
40459,0
3437,0
40137,0
14061,0
13933,0
14124,0
44785,0
34590,0
36819,0
21073,0
24516,0
1285,1
13473,0
11150,0
11645,1
11771,0
48480,0
12414,0
1599,0
53084,0
29512,0
25542,0
42221,0
43963,0
33609,0
54927,0
46446,0
29965,0
28510,0
3298,0
14552,1
12630,0
10723,0
12959,0
9955,1
25071,0
24777,0
58375,0
11270,0
939,0
32386,0
51327,0
16718,0
25335,0
10034,1
16162,0
12033,0
56313,0
23709,0
23059,0
30135,0
35071,0
11100,1
23125,0
25767,0
28654,0
17113,0
19545,1
11832,0
32619,0
48635,0
24389,0
8768,0
22271,0
24677,0
48412,0
49931,0
22802,0
25549,0
24669,0
19872,0
30905,0
45093,1
13511,0
23357,0
12153,0
53217,0
24013,0
37994,0
21647,0
8632,0
943,0
35751,0
11836,0
32372,0
41184,0
41386,0
34388,0
48548,0
22896,0
37803,0
9696,0
19679,0
45676,0
53952,0
23676,0
52697,0
21052,0
29188,0
2993,0
31451,0
37560,0
46530,0
49168,0
16030,0
58552,0
56516,0
2601,1
28438,0
43591,1
52947,0
469,0
48775,0
56452,1
42667,0
49538,0
53171,0
17690,0
50849,0
32181,0
53498,0
22756,0
43750,0
56003,0
28816,0
41378,0
32071,0
49447,0
46506,0
56563,0
34472,0
37395,0
43154,0
32033,0
48099,0
39429,0
31597,0
4810,0
7339,0
39975,1
51019,0
38406,0
5598,0
6692,0
28344,0
9588,0
35072,0
3906,0
30978,0
54248,0
24221,0
53211,0
927,0
771,0
13814,0
12172,0
41308,0
55056,1
52965,0
10163,0
17240,1
31193,1
21900,0
32951,0
25915,0
29216,0
55335,0
52725,0
49198,0
1790,0
759,0
51538,0
27554,0
9025,0
12421,0
21358,0
33831,0
32653,0
54344,0
34230,0
51261,0
4413,0
26048,0
41383,0
22730,0
17731,0
39189,0
11056,0
24562,1
53854,0
46763,0
41117,0
4182,0
27950,0
41650,0
39550,1
21879,0
29577,0
51099,0
25140,0
26908,1
51583,0
33221,0
37959,0
15614,0
19706,0
57263,0
46177,0
4244,0
38528,0
38906,0
22179,0
52486,0
46563,0
24216,0
41379,1
48029,1
56221,0
51336,0
11114,0
11619,0
25205,0
27438,0
6459,1
48026,0
51490,0
41209,0
24632,0
22619,0
53876,0
28061,0
51397,1
56012,0
34533,0
46378,0
2898,0
51398,0
26735,0
25668,0
17797,0
20616,0
2517,0
44163,1
10476,1
9197,0
34363,0
26593,0
10075,0
43821,0
53820,1
38557,1
40494,0
5757,0
55521,0
40147,0
18398,0
7456,0
15277,0
6133,0
39741,0
51243,0
1043,0
53253,0
24342,0
29909,0
32432,0
5055,0
3732,0
54001,0
45569,0
22130,0
55445,0
623,0
55913,0
33824,0
36377,0
14804,0
383,0
30617,0
12789,0
28062,0
53646,0
43206,0
18587,0
48309,0
44780,0
37758,0
48366,0
19704,0
51521,0
36422,0
36285,0
13800,0
14584,0
34804,0
32702,0
2286,0
36620,0
34684,0
14240,0
5729,0
46992,0
52573,0
54937,0
51914,0
27555,0
1121,0
29108,0
34224,0
23919,0
8492,0
27439,0
21678,0
32892,1
24553,0
30946,0
33656,0
47509,1
36261,0
40024,0
47467,0
14449,0
43432,0
52774,0
39201,0
47843,1
16271,0
47243,0
50798,0
4230,0
3416,0
38313,0
40609,0
22864,0
41129,0
42648,0
942,0
22021,0
49620,0
34942,0
8161,0
28951,0
22305,0
45481,0
3867,1
33915,1
50510,0
56917,0
53921,0
19827,1
26914,0
11762,0
41790,0
12608,0
54742,0
47715,0
26338,0
13902,1
3931,0
49863,0
41251,0
29868,0
25023,1
2133,1
18329,0
8420,1
30918,0
1698,0
35573,0
23934,0
31033,0
33935,0
35086,0
51836,0
20109,0
7462,0
57565,1
283,0
32127,0
22608,0
28542,0
2992,0
51906,0
34628,0
16717,0
56568,1
18248,0
27993,1
9722,0
34281,0
47359,0
19312,0
41028,0
49940,0
27854,1
56008,0
41382,0
19688,0
45553,0
47442,0
15711,0
33569,0
20433,0
53095,1
3219,0
48585,0
33151,0
24801,0
15000,0
42142,0
2059,0
34604,0
33641,0
5222,0
37058,0
10127,0
37095,0
53698,0
33807,1
24814,0
22969,0
32008,0
42166,0
9450,0
26573,0
15257,0
26487,0
7949,0
11915,0
41810,0
9694,0
28442,1
57093,0
13396,0
33552,0
34095,0
26611,1
26642,0
44867,0
9935,0
52848,0
33594,0
13342,0
48382,0
36601,0
55070,0
45469,0
41126,0
37788,0
19291,0
53473,0
7080,0
30619,0
37248,0
53237,0
47836,1
39375,1
43757,0
58277,1
2687,0
4315,0
48531,0
15022,1
26826,0
9679,0
8643,0
55945,0
50643,0
46667,0
55678,0
36867,1
37166,0
45184,0
45082,1
22573,0
18210,0
13787,0
13657,0
36512,1
52623,0
51264,0
9298,0
49653,0
49819,0
11047,0
32137,0
3555,0
19044,0
58031,0
8045,0
57286,0
2273,0
41006,1
42996,0
52601,0
304,0
6975,0
57126,0
4518,0
13443,0
41481,0
38634,0
46260,0
43843,0
2186,0
39820,0
42294,0
52274,0
51695,0
58142,0
6705,0
24247,0
7511,0
9763,0
17531,0
30197,1
9986,0
26904,0
18110,0
45034,0
24580,1
54092,0
20314,0
48418,0
40582,0
20211,0
20479,0
18362,0
57656,0
6400,0
37849,0
13645,0
4580,1
39101,0
28181,0
29741,0
34321,0
43126,0
7683,0
34978,1
37478,0
28978,0
21761,0
30421,0
56523,0
20468,1
27171,1
25134,0
38728,0
34608,0
2820,0
7272,0
18178,0
52264,0
11807,0
14624,0
33818,0
36760,0
8468,0
45867,0
18378,0
38114,0
1827,1
12566,0
11373,0
11077,0
24772,0
53067,0
48500,0
35019,0
24446,0
11711,0
6059,0
20821,1
20024,0
7200,0
3707,1
35874,0
50086,0
3792,0
50396,0
24525,0
6527,0
52091,0
7638,0
57932,0
53348,1
20154,0
12792,1
1298,0
18554,0
5026,1
50475,0
33056,0
54485,0
42483,0
48808,0
4513,0
45031,0
53997,0
20227,0
54876,0
11192,0
42111,0
36552,0
15518,1
13553,0
42384,0
16930,0
13257,0
10279,0
53467,0
51579,0
6669,0
24531,0
20220,0
24711,1
55236,0
19770,0
41693,0
24757,0
50580,0
11029,0
5879,0
37435,1
10636,0
18921,0
23366,0
36311,0
15727,0
21864,0
14881,0
11466,0
13729,0
22062,0
35682,0
32107,0
3308,0
35482,0
53872,0
49817,0
35606,0
15127,0
50173,0
44655,0
8690,0
18911,1
6779,0
5234,0
45923,0
17095,0
11841,0
45146,0
2445,0
43219,0
8874,1
16084,1
41274,1
12208,0
45029,0
13631,0
8723,0
20986,0
43012,0
58151,0
37561,0
41309,0
51998,0
31252,0
7289,0
5831,0
22621,0
13022,0
28162,0
45521,0
56645,0
26032,0
13897,1
27872,0
23261,0
3116,0
36425,0
39290,0
50880,0
23480,0
28127,0
28515,0
41511,0
7161,0
29710,0
22882,0
35073,1
10859,0
58113,0
54536,0
29390,0
34034,0
16273,0
55753,0
55827,1
32239,0
23832,0
19719,1
41956,0
32555,0
15145,1
29215,0
21287,0
45040,0
46684,0
6468,1
42612,0
40534,0
16242,0
30249,0
36689,0
32636,0
33430,0
22810,0
29248,0
31863,0
5921,0
21963,0
3861,0
21430,0
31614,0
4044,0
6912,0
22535,0
7363,1
53946,0
58592,1
53777,0
2541,1
12783,0
41530,0
54121,1
25831,0
44968,0
8703,0
4416,0
43551,0
27510,0
57199,0
6793,0
15278,0
7722,0
29771,1
22843,0
48886,0
48934,0
22373,0
51629,0
42837,0
16311,0
32453,1
5582,0
34567,0
8063,0
32433,1
34092,0
52245,0
3615,0
54957,1
39072,0
17964,0
36647,0
23627,1
21210,0
38668,0
27947,0
35657,0
54571,0
25253,0
38657,1
51683,1
46000,0
19681,0
42272,1
29976,1
58090,0
5683,0
26121,0
49291,0
26894,0
6942,0
53105,0
37964,0
35700,0
54654,0
54027,1
52879,0
39899,1
18197,0
50440,0
41639,0
14019,0
13168,0
44878,0
53557,0
18175,0
25440,0
16617,0
51960,0
51514,0
25148,0
25846,1
3493,0
35511,0
37509,0
13297,0
53344,0
48663,1
47702,0
6528,0
21211,0
56762,0
42947,0
38122,0
27754,0
3863,0
57842,0
17004,0
41968,0
21165,0
34023,0
41208,0
36271,0
57258,0
35378,0
2741,0
24675,0
23477,1
18283,0
19890,0
19414,0
16954,1
5708,0
47862,0
54810,0
17231,0
48987,0
10674,0
30055,0
51954,0
47726,0
24414,1
33054,0
611,0
5371,0
14558,0
22013,0
56081,0
39009,0
56063,1
42544,1
913,0
52039,0
44182,0
51194,0
14005,0
47805,0
1738,0
47413,0
29884,0
31468,0
56310,1
1274,0
11459,0
17877,0
41922,0
23012,1
10575,0
807,0
8966,0
24382,0
2441,0
262,0
36416,0
44316,0
39588,0
2004,0
13355,1
35727,0
41702,0
7772,0
13293,1
40198,0
41373,0
54451,0
42640,0
45401,1
14402,1
44344,0
41985,0
34462,0
50796,1
40515,0
35818,0
37982,0
31631,0
6145,0
15179,1
58334,0
58193,0
47981,0
49809,0
52504,0
20383,0
18871,0
15541,0
19602,1
13958,1
33821,0
36585,0
5501,0
21361,0
14160,0
42638,0
18671,0
20571,0
23254,0
46138,0
42448,0
2638,0
30842,0
29600,0
57502,0
4165,0
42898,0
48840,0
433,0
53819,0
54934,0
49613,0
45518,0
32438,0
31412,0
8370,0
45287,0
36917,0
53083,0
48493,0
4892,0
13375,0
43760,0
33237,0
9126,0
14277,0
22029,0
9614,0
37721,0
42478,0
18237,0
19151,0
50329,0
22750,0
38086,1
10254,0
21532,0
22714,0
50909,0
51114,0
1972,0
28617,0
23376,0
52645,0
5012,0
2030,0
38495,0
55492,0
32173,0
43630,0
18868,0
57868,0
33888,0
33473,0
53426,0
23421,0
27978,0
32029,0
25794,0
6839,0
15118,1
27613,1
31322,0
26229,0
8540,0
8654,0
48630,0
51655,0
50807,0
20352,1
25928,0
30489,0
11812,0
40713,0
49722,0
38958,0
38817,0
27686,0
39858,0
46872,0
32841,0
14637,0
57439,0
53654,0
45778,0
19409,0
20723,0
42764,0
13519,0
31168,0
11751,0
10540,0
28262,0
21460,0
24443,0
22609,0
35810,0
28961,0
49070,0
34105,0
42233,0
6230,0
675,0
2189,0
24640,0
28348,0
20237,0
19592,1
43523,0
3933,0
19898,1
21104,0
49055,0
55786,0
16093,0
38970,0
35632,1
19577,1
47123,0
11702,1
9561,1
22944,0
51139,0
34936,0
57472,0
24712,0
46491,1
22514,0
41572,0
47043,0
1156,0
36149,0
985,0
19759,0
47349,0
36604,0
7602,0
19927,0
50673,0
45259,0
18778,0
9961,0
19866,0
32723,0
45855,0
23722,0
12407,0
35887,0
36998,0
5373,0
42057,0
58025,0
48069,0
12423,0
25873,0
38499,0
25166,0
32338,0
5996,0
31908,0
9687,0
29335,0
8919,0
34746,0
32589,0
33845,0
19264,0
4855,0
25531,0
34394,0
47522,0
3402,0
48492,0
29962,0
38050,0
29906,0
20663,0
2362,0
15293,0
31372,0
14074,0
37417,0
49508,0
2868,0
45279,1
30439,0
38334,0
54527,0
41324,0
24907,0
36567,0
14339,0
6348,0
9293,0
2830,0
54397,0
33111,0
50045,0
42958,0
1623,0
53864,0
9606,0
55105,0
14286,0
21221,0
19412,0
13024,0
51423,0
56733,0
12909,0
21898,1
53767,0
46480,0
9541,0
22067,0
15880,0
5876,0
55055,0
35114,0
33720,0
58605,0
47669,0
4016,0
6181,0
45171,0
40779,0
6631,0
47398,0
30169,0
20464,0
10029,0
57303,0
37404,0
24438,0
4896,0
14499,0
57972,0
41892,0
42661,0
3461,0
44561,0
21771,0
51950,0
22552,0
27625,0
4119,0
42896,0
14142,0
25206,0
44351,0
20524,0
29857,0
37413,0
57875,0
37357,0
13670,0
10732,0
55407,0
22225,1
42208,0
2622,0
40413,0
34236,0
49258,0
3001,0
42214,0
51137,0
52417,0
54482,0
3776,0
11061,1
46058,0
52336,0
56720,0
54110,0
6788,0
44628,0
37400,0
15387,0
41134,0
33304,0
30583,0
44782,0
10945,0
28575,0
38554,0
21582,0
33067,1
3850,0
12691,0
17867,0
22986,0
48458,0
54646,0
58438,0
52802,0
54868,1
42639,0
3077,0
36337,0
36823,0
2968,0
30516,0
8383,0
30467,0
33011,0
17823,0
12403,0
41782,0
26722,0
27970,0
27842,1
26463,0
53797,0
44146,1
14933,0
56196,0
38566,0
19824,0
9444,1
29095,0
31450,0
11026,0
9892,0
53629,0
56752,0
30577,0
47161,0
20253,1
5676,1
20761,0
27681,0
20090,0
7229,0
6927,1
4048,0
58202,0
16539,0
38838,0
29071,1
24139,1
19639,0
37113,0
35308,0
25311,1
51848,1
41310,0
1497,0
16187,0
52585,0
50303,0
46810,0
14875,1
1400,0
49641,0
4305,0
4326,0
57045,0
11478,0
3316,0
29353,1
57551,0
27602,0
25569,0
6522,0
22060,0
27925,0
811,0
53275,0
47978,0
56470,0
22544,0
25865,0
58106,0
49249,1
14811,0
49322,1
19876,0
13770,0
35389,0
25697,0
57659,0
32729,0
11860,1
18411,0
22536,0
51164,0
46845,0
30446,0
27366,0
4107,0
3635,0
43706,0
46141,0
849,1
10016,0
23730,0
44855,0
47984,0
31223,0
58399,1
48678,0
14350,0
3011,0
17286,0
51288,0
17624,0
7703,0
13748,0
33409,0
31141,1
35498,0
47452,1
7250,0
416,0
50698,1
10950,0
57812,0
14427,0
44657,0
480,0
17053,0
56584,0
8565,0
19709,1
43792,0
17201,0
46891,0
10595,0
33322,0
25863,0
1644,0
41820,0
23281,0
41477,0
47018,1
48399,0
42721,0
8618,0
28626,0
22839,0
33829,1
12030,0
351,0
39482,1
26262,0
18466,0
50723,1
5823,0
38661,0
53080,1
48716,0
11475,1
1853,1
43984,0
4077,0
19277,0
8588,0
51071,0
40569,0
30256,1
55718,0
29517,0
53138,0
16778,0
41396,0
28608,0
17943,0
15388,0
40982,0
14092,1
47679,0
34780,1
47346,0
14528,1
3489,0
33364,0
41653,0
42743,1
108,0
2440,0
44497,0
3446,0
46914,0
953,0
43509,1
770,0
279,0
34641,0
34829,0
5195,0
30037,0
34219,0
43572,0
50512,0
8357,0
41303,0
55873,0
31595,0
17151,1
536,0
24540,0
25840,0
24983,0
31125,0
58233,0
38916,0
17319,0
682,0
26087,0
6887,0
24266,0
57497,0
46554,0
23005,1
28719,0
19501,0
27062,0
45035,1
15016,0
36959,1
31779,0
27054,0
53179,0
43823,0
15599,0
22306,0
57315,0
14510,0
20212,1
27901,0
56223,0
38101,0
30536,0
38589,0
31391,0
56597,0
18801,0
43433,0
14085,0
19663,0
41765,1
20475,0
57720,0
58237,1
21126,0
1197,0
26837,0
27218,0
48453,0
34946,0
38944,1
32048,0
52050,0
22985,0
20048,0
4826,0
29274,0
58400,0
55773,0
9730,0
30931,0
16745,0
31943,0
7667,1
26601,0
19269,0
49051,0
50137,0
16516,0
38531,0
7524,0
17278,0
8278,0
3378,0
30430,1
9430,0
20576,0
36603,0
16297,0
8907,0
24493,0
48015,0
52565,0
35472,0
36871,0
29752,0
30342,0
47275,0
39818,0
50373,1
31148,0
48884,0
8040,1
43468,0
8557,0
7915,0
35143,0
12800,0
12447,0
46835,0
33976,0
11484,0
50083,0
46461,0
2138,0
39254,0
18107,0
20877,0
27694,0
5638,0
53450,0
24332,0
35027,0
26161,0
30872,0
47226,1
6311,0
20757,0
49106,0
46636,0
35971,0
7284,0
1122,0
20692,0
31751,0
48546,0
27327,1
11708,0
34508,0
2276,0
47787,0
32856,0
50482,0
45535,0
36597,0
56647,0
29128,0
28637,0
13205,0
439,0
850,0
1438,0
3639,0
43808,0
7978,0
41050,0
6896,0
52767,0
16430,0
48049,0
50830,0
19460,1
2022,0
5576,1
45908,0
18844,0
40423,0
53181,0
33931,0
12532,1
47518,0
54111,0
46748,0
651,0
24095,0
39680,0
8440,0
29370,0
50838,0
38917,0
50151,0
41668,0
30372,0
58252,0
18593,0
44210,0
37350,1
30555,0
13077,0
9437,0
29198,0
38354,1
45840,0
50898,0
1596,0
17005,0
22937,0
3221,0
38201,0
57570,1
3604,0
33624,0
9134,0
38461,0
50652,0
12001,0
11615,0
15307,0
861,0
43120,0
48541,0
7503,0
41138,0
32075,0
51153,0
44723,0
4202,0
4139,0
24153,0
40445,0
31470,0
40964,0
53332,0
57251,0
2069,0
465,0
54290,0
57356,0
22377,0
7751,0
17466,0
18597,0
1508,0
26603,0
38587,0
10241,0
23166,0
24163,0
15399,0
54263,0
13110,0
11617,1
9284,0
14514,0
54480,1
31124,0
58295,0
29338,0
58562,0
38621,0
9288,0
27520,0
51846,0
13438,0
15107,0
11509,0
51927,0
12958,0
5854,0
194,1
11810,0
11092,0
40454,0
20438,0
55801,0
44334,0
40626,0
49590,0
44985,1
49978,0
39364,0
1444,0
3067,0
23588,0
25417,0
673,0
56746,0
42068,0
31118,0
19817,0
55406,0
37752,0
33661,0
7149,0
57072,0
8341,1
42672,0
4740,0
48329,0
49368,0
26687,0
50803,0
58388,0
15644,0
8858,1
5140,0
2418,0
50149,0
37183,0
50096,0
48670,0
49312,0
7748,0
36844,0
43772,0
45718,0
36590,1
18087,0
5536,0
33331,0
48246,0
56952,0
17521,0
12858,0
56644,0
45526,0
44510,0
5865,0
41135,1
20907,0
53040,0
23156,0
34910,0
52500,0
13983,0
44256,0
18741,0
13966,0
43493,0
43932,0
34976,0
19707,0
36830,0
3939,0
54332,0
55200,0
16781,1
34751,0
11607,0
10166,0
20832,1
49913,0
45369,0
702,0
31267,0
33652,0
31060,0
14529,0
58524,0
33415,0
16429,0
31651,0
35302,0
54160,1
24412,1
6646,0
44271,0
41706,0
13835,0
22033,0
6675,0
50255,0
31593,0
17479,1
16809,0
33399,0
1562,0
27227,0
20453,0
49755,0
33018,0
2132,0
41811,0
44050,0
46462,0
26789,0
49259,0
12462,0
55858,0
57591,0
30879,0
46274,0
57835,0
42146,0
55444,0
10643,0
4962,0
54663,0
8596,0
4303,0
16107,1
36663,0
52831,1
40602,0
38517,0
19353,0
40877,0
5158,0
5653,0
33318,0
1232,0
52235,0
6545,0
11732,0
33335,0
46725,0
47889,0
27357,0
28217,0
7615,0
20340,0
24987,0
5734,0
58358,0
6413,0
52458,0
22278,0
2562,0
9818,0
39457,0
50958,0
11980,0
38124,0
10628,0
20509,0
17277,0
54766,0
24808,0
58364,0
45620,0
6537,0
29107,0
47034,0
38701,0
42971,0
10713,0
1956,0
20766,0
4064,0
54791,0
1704,0
31491,1
34460,0
24793,0
29326,0
43078,0
56971,0
43287,0
31120,0
39264,0
9987,1
20793,1
34308,0
25986,0
38335,0
10407,1
44905,0
38812,1
36893,0
46192,0
56282,0
50159,0
52103,0
30426,0
37702,0
36746,0
25313,1
32515,0
58481,0
39085,0
26435,0
53868,0
38208,0
17717,0
35334,0
58309,0
19279,0
23601,0
52720,0
43439,0
47799,0
16759,0
25098,0
53194,0
9073,0
7474,0
43751,0
55341,0
53445,0
42844,0
36466,0
58208,0
1114,0
13253,1
46753,1
34912,0
56050,0
20443,0
29775,0
37473,0
44330,1
16382,0
10287,0
3210,0
6129,0
13856,0
28049,0
20357,0
53349,0
36517,0
3391,0
30538,0
17047,0
38291,0
37325,0
58268,0
7671,0
50840,0
29036,0
5792,0
33079,0
26497,0
24988,0
20787,0
41761,1
24223,0
53969,1
31299,0
32804,0
43436,0
29912,0
30754,0
57101,0
15219,0
52667,0
46255,0
31156,0
9279,0
19031,0
5048,0
29953,0
5035,0
8191,0
40712,0
21512,1
6067,0
55475,0
54914,0
35356,0
42920,1
43830,0
35445,0
19732,0
12848,1
31393,0
2354,0
39340,0
48199,0
27721,0
24202,0
42574,0
48180,0
13295,0
10572,0
4647,0
44206,0
50894,1
33075,0
17595,0
42300,0
43319,0
48721,0
30379,0
1048,0
48726,0
57422,0
47317,0
41293,0
42463,0
54292,0
1183,0
40426,0
52259,0
9685,0
29244,1
5860,0
14951,0
9580,0
24990,1
833,0
31722,0
26676,0
13889,0
51859,0
55538,0
33215,0
32114,0
7621,0
1703,0
15908,0
24132,0
40773,0
25977,0
12415,0
33186,1
40365,0
33137,0
40354,0
58538,0
32212,0
4420,0
13197,0
41450,0
56270,0
204,0
1941,0
21994,0
21728,0
20391,0
25210,1
22607,0
44791,0
36082,1
21257,0
24733,0
58021,0
11256,0
27709,0
34811,0
1954,0
42546,0
17284,0
10646,0
19516,0
8628,0
49648,0
22324,1
33180,0
36920,0
11887,1
22035,0
7134,0
11947,0
15626,0
20486,0
35534,1
3366,1
53697,0
21846,0
16284,0
15551,0
39972,0
57740,0
42414,0
52606,0
1680,0
28501,0
41141,0
6583,0
52787,0
4622,0
46670,0
27058,0
46321,1
17396,0
57879,0
22630,0
13960,0
40207,0
46181,1
27403,0
13420,1
8759,0
53579,0
22199,0
34437,0
34719,0
49617,0
58101,0
37324,0
22793,0
37815,1
17487,0
47784,0
21805,0
35936,0
2344,1
25550,0
8021,1
30878,1
47213,0
10506,1
47768,0
4813,0
29103,1
5733,0
50630,0
41351,1
35407,0
45511,0
49864,0
51053,0
47117,0
52439,0
33112,0
50141,1
3382,1
29580,1
24203,1
10801,0
32484,0
54426,0
25725,0
46759,0
18673,0
40122,0
42878,0
581,0
21746,0
21412,0
57243,0
34824,1
17549,0
8428,0
39812,1
14511,1
57044,0
5071,0
47311,0
44200,0
15594,0
1928,0
25096,0
45252,0
10289,0
24199,0
21135,0
17523,0
460,0
11562,0
18709,1
52823,0
1741,0
33433,0
49396,0
11547,0
53823,0
8085,0
6660,0
42096,0
45347,0
51353,1
8449,0
16344,0
53848,0
54779,0
9169,0
43561,0
24705,0
18339,1
40321,0
51464,0
7716,0
47965,0
26185,0
57035,0
35467,0
36564,0
41635,0
6747,0
14851,0
21338,0
23759,0
36351,0
51254,0
24834,0
21464,0
21308,0
53695,0
38434,1
38534,1
6658,1
36611,1
31444,0
38234,0
48916,0
47554,0
47130,0
1226,1
2213,0
5754,0
38261,0
30076,0
22125,0
9035,0
52304,0
49485,0
24731,0
51003,0
46960,0
9149,0
47865,0
11948,0
54780,0
50693,0
4449,0
40699,0
13215,0
40855,0
330,0
10727,0
22396,0
20304,0
150,0
54429,0
35540,0
15200,0
40601,0
50566,0
20347,0
12681,0
31364,0
9451,0
23250,0
57469,0
53867,0
3256,0
32887,0
31396,0
49023,0
46363,0
30308,0
20241,0
16929,0
36287,0
52689,0
54802,0
2531,0
18863,0
32941,0
43159,0
23443,0
50749,0
3284,0
23302,0
27333,0
48957,0
47537,1
16174,0
50034,0
27294,0
2664,0
58410,0
44794,1
48962,0
53634,0
53962,0
41591,0
54605,0
43995,0
49584,0
5541,0
42455,0
29970,0
47699,0
18566,0
35850,0
58037,0
4146,0
45766,0
47612,0
26286,0
52316,0
25787,0
55741,0
37427,1
19511,0
47729,0
37950,0
39020,0
10552,0
53787,0
27972,0
22799,0
12163,0
14317,0
55762,0
30196,0
28465,0
45650,0
40246,0
44401,0
45044,0
7132,0
27478,0
36362,0
128,0
3862,0
22019,0
5878,0
49789,0
52377,0
5306,0
3150,0
17417,0
14749,0
28206,1
1282,0
33619,1
17486,0
5087,0
22090,0
58263,1
16866,0
50714,1
55084,0
41927,0
11489,1
28970,0
6193,0
48303,0
39640,0
7138,0
33612,0
35348,0
14261,0
39146,0
30295,0
41010,0
48577,0
38613,0
43804,0
28116,1
34141,0
30813,1
39883,0
19260,0
14686,0
6550,0
47827,1
13762,0
43709,0
46376,0
6316,0
29209,0
16948,0
3118,0
26057,0
5216,1
42670,0
44686,0
43384,0
15593,0
57002,0
54622,0
3494,1
1818,1
34797,0
15458,0
11634,0
10930,0
37993,1
24964,0
18372,0
31606,0
36246,0
22371,0
21439,0
7337,0
53690,0
21819,0
34083,0
19384,1
21025,0
27688,0
44933,0
22176,0
36402,0
34114,0
6542,1
16147,0
40063,1
13179,0
13842,0
52690,0
33794,0
51596,1
52344,1
20214,0
6720,0
42076,1
23748,1
46423,0
18341,0
54795,0
2561,0
47110,0
16880,0
16421,1
43853,0
31666,0
34504,0
7122,0
5525,0
14174,0
3396,0
57098,0
30855,1
30753,0
15331,0
13337,1
5727,0
14865,0
10308,0
53170,0
15665,0
21092,0
12727,0
39584,0
53789,0
35883,0
47754,0
18487,0
4273,1
16497,0
37162,0
48457,0
13667,0
44805,0
57945,0
57906,0
26843,0
47534,0
829,0
38933,0
37042,0
15692,0
40856,0
51667,0
479,0
44375,0
50848,1
54512,0
50419,0
47436,0
32111,0
28009,0
26377,1
8450,0
18386,0
18397,0
54019,0
21265,0
32105,0
6978,0
47859,0
21218,1
30983,0
53336,0
8452,0
8178,0
24211,0
21843,0
11799,0
16890,0
28990,0
37791,1
48185,1
11300,0
46131,0
26725,0
55938,1
47450,0
8893,0
35410,1
45074,1
45215,1
11186,0
49135,1
42754,0
53760,0
1863,1
50413,0
14180,0
24593,0
37352,0
14769,0
11006,0
17385,0
36193,0
6246,0
32416,0
38438,0
27581,0
1602,0
46454,1
8423,1
10587,1
52174,0
40250,0
55305,0
45847,0
23220,0
10134,1
28717,1
53891,0
52926,0
23152,0
35935,1
16540,0
7598,0
57049,1
39608,0
49569,1
3007,0
17372,1
21234,0
3422,1
30606,0
4775,0
34597,0
27017,0
52011,0
48241,0
53188,0
20861,0
250,0
3785,0
41146,0
51530,0
2793,0
35091,0
45366,0
56991,0
43998,0
43552,0
23692,0
19795,0
29591,0
19925,0
15550,0
52033,0
43644,0
53472,0
34079,0
471,1
33795,0
35828,0
50976,0
39208,1
22976,0
22136,0
35642,0
41201,0
35209,0
44839,0
341,0
55113,0
32462,0
10180,0
53346,1
41453,0
52795,0
13413,0
14896,0
28614,0
54849,0
45005,0
11096,0
5828,0
11048,0
10421,0
3986,0
14632,0
25011,0
36363,0
9006,0
36267,0
14006,0
10689,0
54182,1
655,0
28492,0
19828,1
43464,0
9056,0
43547,0
22782,0
17983,0
17662,1
40258,0
21713,0
31502,0
56782,0
26070,0
17432,0
29477,0
20274,0
10020,1
16045,0
10430,1
37883,0
13949,0
41943,1
14109,0
18765,0
58366,0
28606,0
24296,0
51229,0
38748,0
36306,0
4407,0
11076,0
17041,1
8607,0
36186,0
20896,0
9767,0
15944,0
25243,0
6347,0
23978,0
38209,0
38770,0
35104,1
22376,0
2116,0
22647,0
45516,0
5377,0
55276,0
50227,0
2330,0
30817,0
15035,0
18685,0
8971,0
31278,0
4246,0
55277,0
32929,0
18529,1
47842,0
5990,0
11495,1
52940,0
50376,0
42692,0
22379,0
4461,0
16974,0
11524,0
31992,0
44090,0
54150,0
35875,0
15530,0
50328,0
16013,1
30605,0
51557,1
52187,0
1430,0
51304,0
40414,0
28092,0
34614,0
43788,0
50575,0
30821,0
14212,0
51619,1
30199,0
13618,0
29755,0
36687,0
57221,0
22215,0
7422,0
29029,0
31523,1
26747,0
5715,0
27680,1
53360,0
43176,0
9433,0
47478,0
9313,0
50901,0
53207,0
39914,0
51381,0
21475,0
1426,0
53801,0
38963,0
53608,0
53167,0
35688,1
37882,0
12266,0
17928,1
9670,0
37444,0
48959,0
30870,1
18056,0
15274,0
45451,1
18106,0
2084,0
30212,1
32321,1
14829,1
40683,0
41036,0
29169,1
33009,0
38825,1
26151,0
399,0
47112,0
35202,1
16366,0
34463,0
47930,1
37369,0
20702,0
57196,0
31771,1
52184,0
17699,0
46199,0
30042,0
12912,0
13506,1
29440,0
58413,0
10054,0
19914,0
50174,0
9731,0
36691,0
40659,0
2305,0
54468,1
55363,0
41845,0
2434,0
54164,0
56375,0
26830,0
51768,1
31032,0
18216,0
55634,0
52655,0
56167,0
32390,0
35512,0
12603,0
28969,0
4408,0
7893,0
52678,0
36764,0
18902,0
28944,0
51225,0
8474,0
31834,0
37700,0
2225,0
17546,0
37889,0
48162,0
50960,0
24460,0
1162,0
35530,0
35945,1
12591,0
40748,0
36979,0
55585,0
3703,0
23677,0
55211,0
32058,0
57092,0
1443,0
34398,1
51686,0
10193,0
920,0
37733,0
38245,0
36732,0
26906,0
25501,0
36879,0
30852,0
23145,0
42466,0
27731,0
11512,0
23735,0
5235,0
2174,0
15745,0
44908,0
1671,0
58147,0
21490,0
10113,0
14982,0
16597,0
25164,0
24579,0
9762,0
54236,0
45192,0
39145,0
18762,0
1911,0
35956,1
57252,0
53738,0
36739,0
1423,0
7745,0
27553,1
3202,0
8147,0
6194,0
6888,0
41952,0
3813,0
34089,0
50127,0
4605,0
4310,0
18119,0
40776,0
42236,0
43365,0
36026,0
4523,1
42378,0
6972,0
17122,0
37593,0
19127,0
23805,0
30801,0
50850,0
47368,0
29934,0
20696,1
24046,0
21757,0
4330,0
52051,0
41718,0
28737,0
25916,0
51063,0
21895,0
29458,0
49019,0
35602,0
56095,0
12088,0
609,1
20333,0
46897,0
20123,0
31882,0
31935,0
5952,0
24249,0
47230,1
23469,0
42777,0
21238,0
36608,0
25272,0
56763,0
16131,0
39484,0
50769,0
10085,0
17596,0
2532,0
39528,0
28883,0
46958,0
50637,0
27194,0
1687,0
6496,0
53248,0
26895,1
9769,0
10949,0
23728,0
33497,0
40210,0
20726,0
44120,0
1291,0
41451,0
49579,0
40805,0
56522,0
8441,0
49547,0
44147,0
36134,0
51701,0
47334,0
13298,0
27339,0
24627,0
24112,0
56048,1
47176,1
22348,0
43594,0
24109,0
57167,0
20252,1
42016,1
51145,0
12370,0
32295,0
13862,0
46952,0
35663,0
41059,0
42395,0
30326,0
21861,0
39595,0
39459,0
41087,0
51841,0
49046,0
6993,0
10074,0
39784,0
5872,0
10810,0
27148,0
15697,0
23436,0
52902,0
41204,0
16707,0
21744,0
54459,0
34979,0
21714,0
38407,0
19007,1
45597,0
4214,0
39889,0
13774,0
8321,1
33105,1
21368,1
53466,0
48336,1
50404,0
39358,0
41030,0
36692,0
36780,0
51176,0
19533,0
30250,0
19632,0
35273,0
2731,0
43150,0
2646,0
31586,0
54227,0
31733,0
31228,0
24388,0
35295,0
19059,0
49275,0
43933,0
39750,1
25948,0
33984,0
21171,0
36334,0
38704,0
1697,0
52178,1
512,0
17452,0
11200,0
27051,0
8274,0
52856,0
57637,0
13656,0
994,0
8288,0
50245,0
12066,1
53973,0
27296,0
11761,0
4181,0
6424,1
52747,1
35679,0
4280,0
50847,0
44614,0
31214,0
1870,0
50344,0
54431,0
36754,0
35197,0
149,0
423,0
26810,0
40965,0
23909,0
53807,0
55453,1
7090,1
48282,0
54361,0
50207,1
7672,0
3504,0
38504,0
22004,0
14395,0
39253,0
26419,0
198,0
34659,0
1448,0
36364,0
27210,0
15949,0
44211,0
56494,0
20268,0
43701,0
14926,0
23045,0
53822,0
18218,0
57146,0
32425,0
18576,0
34538,0
38075,0
53669,0
39303,0
27053,0
3529,0
36467,1
30238,0
10018,0
42248,0
38932,0
39845,1
27942,0
48501,0
41724,0
14474,0
22041,0
12007,0
30626,0
46238,0
39781,0
53319,0
20582,0
8318,0
20078,0
16674,0
48378,0
242,0
5633,0
58576,1
3253,0
42925,1
10904,0
10212,0
9951,0
3539,0
32751,0
37169,0
2652,0
46315,0
20364,0
53221,0
40952,0
40690,0
3229,1
3290,0
18737,0
44626,0
52424,0
17554,0
5308,0
52976,0
19232,0
4362,0
48004,1
46787,0
55436,0
41651,0
51282,0
6925,0
55606,0
39120,0
10121,0
12797,0
18364,0
5880,0
19682,0
6184,0
50274,0
14585,0
29819,0
23094,0
13802,0
33855,0
20265,0
29547,1
17291,0
43633,0
13053,1
57586,0
2900,0
55148,0
41565,1
158,0
16100,0
58401,0
56356,0
53897,0
56834,0
56559,0
6262,0
17416,0
12140,0
37689,0
17295,1
9545,0
36222,0
14158,1
34371,0
15142,1
24026,0
13871,0
55347,0
10656,0
26210,0
25182,0
30455,0
33070,0
3700,0
28738,0
53706,0
322,0
19559,0
5294,0
28843,0
16253,0
52071,0
31916,0
56372,0
5411,0
21816,0
17561,0
30747,0
1357,1
38786,0
37176,0
18053,0
42805,1
43067,0
46432,0
8784,0
37507,0
40668,0
20375,0
11746,0
42270,0
48883,0
9062,1
7658,0
54628,0
55737,0
16231,0
28591,0
54231,0
32900,0
26696,0
4719,0
5955,0
4469,0
49618,0
7096,1
8372,0
7774,0
12895,0
817,0
14165,0
33244,0
45428,0
1850,0
5625,1
35044,0
39856,0
55556,0
40132,0
45449,0
49333,0
36146,0
16022,0
4914,0
41217,0
40916,0
6392,0
11028,0
19662,0
3305,0
5298,0
39165,0
2385,0
35100,0
7891,0
22411,0
44138,0
4256,0
29507,0
53949,0
5215,0
13183,0
35551,0
29735,0
41287,0
15147,1
17437,0
4817,0
43026,0
46626,0
35910,0
37424,0
19780,0
54167,0
32084,0
30876,1
4995,0
45979,0
29847,0
43768,0
30950,0
8620,0
28345,0
46164,0
35714,0
25415,0
36991,0
55485,0
12179,0
37686,0
2813,0
56032,0
36254,0
24786,0
16904,0
54854,0
26566,0
29343,0
42349,0
46968,0
42006,0
52582,0
20201,0
28773,0
35037,0
32455,0
28632,0
46707,1
49973,0
36633,0
50008,1
11591,0
57078,0
5862,0
22273,0
28257,0
35460,0
53627,1
47129,0
47494,0
35532,0
31329,0
51918,0
26793,0
9331,0
34053,0
17856,0
34369,0
8825,0
38375,0
55244,0
27416,0
26134,0
37527,0
30860,0
27174,0
42162,0
34795,0
39736,0
30629,0
4058,0
12969,0
40899,0
19458,0
7126,0
2194,0
44728,1
50910,0
46455,0
6582,0
29116,0
12966,0
53853,0
36747,0
22229,0
51069,0
19633,0
28872,0
36946,0
31421,0
51780,0
11904,0
6417,0
53838,0
4459,0
55625,0
18183,0
1045,0
33520,0
57882,1
53729,0
22341,0
1876,0
35813,0
45759,0
13274,0
6227,0
38477,0
43068,0
52673,1
3462,0
32523,0
37751,0
41469,1
43806,0
44404,0
55217,0
37411,0
35226,0
29911,0
44824,0
54807,0
51584,0
40525,0
3994,0
24205,1
20775,0
7335,0
10171,1
51352,0
50359,1
50527,0
5762,0
15391,1
5010,0
14540,0
29611,0
50569,0
39679,1
56709,0
7858,0
50889,0
13371,0
43406,0
45042,0
30884,0
27319,0
25055,1
5455,0
34656,0
9163,0
29082,0
31249,0
17462,0
15703,0
18143,0
18633,0
36708,0
33610,0
55877,0
49791,0
6802,0
2372,0
13712,0
33533,0
14976,0
40417,0
10197,0
7530,0
42812,0
24270,0
32996,1
44636,0
1012,0
55279,0
33730,0
3023,0
27391,0
47240,0
42741,0
6381,0
7268,1
11665,0
29830,0
32721,0
35721,0
54745,0
17483,0
37577,0
56017,0
31814,0
25044,0
71,0
50872,1
4783,1
43542,0
54416,0
22445,0
13742,1
25606,1
7985,1
4504,0
45492,0
13505,0
7411,0
54655,1
55596,0
55541,0
18592,0
35559,0
16823,0
31150,1
39259,1
23912,0
51500,1
16298,0
55982,0
6576,0
29818,0
53244,0
14791,0
39193,0
2188,0
41707,0
17631,0
52282,0
53659,0
39079,1
51659,0
2325,0
7183,0
18558,1
28296,0
49707,0
20338,0
57831,0
7234,0
24969,0
33046,0
51899,0
52942,0
31959,0
38856,0
48419,1
23180,0
56761,0
625,0
47029,0
14299,0
30777,0
16112,0
45398,0
6628,0
34350,0
32104,0
21707,1
11024,0
6205,1
43011,0
53393,0
58336,1
42830,0
28598,0
49603,0
4585,0
41410,0
39562,0
36073,0
3806,0
17351,1
21913,0
8639,0
10465,0
3126,0
38569,0
45207,0
29938,0
21701,1
8465,0
5677,1
20570,0
22096,0
26847,0
42900,1
14581,1
24415,0
37871,0
25615,0
45008,0
54173,1
46464,0
758,0
34973,0
7673,0
54250,0
4982,0
16912,0
33460,0
40398,0
30710,0
13184,0
51703,0
24880,0
11680,0
21543,1
48657,0
41685,1
41043,0
56925,0
34962,0
57848,0
9349,0
57628,0
5853,0
48340,0
28603,0
42313,0
55300,0
22879,0
8543,0
24040,0
13818,0
8113,0
4193,0
21505,0
12662,0
26330,0
27047,0
29434,1
56750,0
14032,0
17724,0
20867,0
9052,0
54711,0
51685,0
45683,0
57676,0
4455,0
12487,0
5795,0
5264,0
28010,0
26334,0
4351,0
52016,0
42787,0
10999,0
52845,0
40729,0
28241,0
25897,0
39943,0
29995,0
51621,0
26333,1
17692,0
47640,0
55125,0
8875,0
54707,0
2902,0
32412,0
14131,0
23276,0
19306,0
13586,0
32741,0
16423,0
558,0
33599,0
13972,0
17363,0
32736,0
50567,0
20260,0
44749,1
31306,0
4199,0
15724,0
17051,0
27576,0
28624,0
12350,0
56667,0
1480,0
36974,1
38264,1
46544,0
34957,0
57621,0
2156,0
10981,0
6811,0
37901,1
40791,0
41921,0
2554,0
9040,1
25813,0
57965,0
47094,0
36299,0
42033,0
35012,0
3875,0
36705,0
7653,0
13671,0
50495,0
31482,1
16695,0
836,0
9226,0
39582,1
13424,0
10125,0
13744,0
54049,0
24636,1
30744,0
29417,0
47426,1
26717,0
11940,0
2514,0
36570,0
42780,0
23971,0
47172,0
53974,0
745,0
20261,0
56239,0
35982,0
53538,0
57874,0
22000,0
48166,0
10458,0
3036,1
24381,0
31967,1
1682,0
28886,0
15744,0
6915,0
20892,0
29266,0
56996,1
49209,0
48992,0
25466,0
20477,0
19753,0
53687,0
32661,0
10608,0
3252,0
45006,0
53966,0
17940,0
35520,0
9192,0
14238,0
11647,0
37401,0
1343,1
52402,0
15681,0
16408,0
30218,0
57590,0
6892,1
35955,0
50874,0
23789,0
35394,0
20318,0
8443,0
12301,0
52785,0
45400,0
2290,0
30127,1
29871,0
22833,0
46549,0
9848,0
413,0
2143,0
39119,0
17457,1
36209,1
16164,0
12060,0
55990,0
17698,0
33235,0
30517,1
29660,1
7624,1
38470,0
46816,0
25062,0
47594,0
33200,0
31243,1
38939,0
25441,1
52602,0
10522,0
24929,0
13813,0
44566,0
38113,0
53496,0
40993,0
33472,0
45941,0
2755,0
1377,1
11667,0
15083,0
53240,0
49970,0
57661,0
17075,0
7325,0
44415,0
30671,1
47251,0
6850,0
38172,0
42827,0
24445,0
11082,0
4851,0
48264,0
35756,1
25077,0
40009,0
46720,0
27593,0
3022,0
33466,0
55139,0
2927,0
21351,1
26786,0
37152,0
47577,0
14579,0
54517,0
10520,0
18586,0
16172,0
8899,0
21718,0
55166,0
35938,0
34868,0
44407,1
42603,0
16591,0
49169,0
32693,0
20831,1
40942,0
45426,0
49405,0
12074,0
54293,0
56432,0
48961,0
56740,0
34118,0
31458,0
37764,0
29037,0
27719,0
28976,0
9572,0
11210,0
28533,0
48614,0
39398,0
11165,0
50605,0
32337,1
27325,0
41327,0
57372,0
43232,0
44043,0
56114,0
38319,0
42708,0
22070,0
6848,0
58291,0
34434,0
343,0
13290,0
35301,1
38489,0
42519,0
35557,0
16768,0
29664,0
3714,0
13247,0
45767,0
22284,0
5389,0
49034,0
22270,0
50397,1
33777,0
43943,0
20735,0
17324,0
58132,0
56010,0
50257,0
44117,0
43362,0
24372,0
23364,0
39768,0
19690,0
47803,0
1503,0
45548,0
12248,0
52273,0
32218,0
10791,0
41358,0
24872,0
8180,0
54108,0
41132,0
23754,0
49370,0
29497,0
10243,0
50385,0
35896,0
30488,0
21095,0
31244,0
26387,0
36052,0
16677,0
37238,0
25639,0
38776,0
23980,0
15483,0
44260,0
20217,0
53892,0
43716,0
26068,0
25695,0
47602,0
42118,0
15484,0
43494,0
33739,0
46340,0
31072,0
46743,0
18831,0
33534,0
13876,0
57670,0
4844,0
23516,0
3289,0
31119,0
2313,1
31906,0
9128,0
37061,0
41754,0
6946,0
28462,0
48052,0
3831,0
26152,0
38118,0
23109,0
24129,0
50230,0
1720,1
30713,0
1092,0
18969,0
7918,0
18843,0
43077,0
39275,1
21841,0
18718,0
27502,0
29634,0
46227,0
43737,0
8962,0
36798,0
22996,0
17193,0
8570,0
2825,0
57745,1
30704,0
8889,1
13069,0
297,0
41885,0
34516,0
50442,0
47996,0
43855,0
24434,0
22902,0
11713,1
7356,0
22712,0
54151,0
4335,0
45110,1
57669,0
28055,0
5864,0
17161,0
30503,0
11097,0
25591,0
12351,0
3401,0
58182,0
35641,0
55853,0
21667,0
44180,0
7831,0
29640,0
6748,0
47646,0
6420,0
9724,0
18054,0
55627,0
42997,0
33832,0
23568,0
39541,0
30074,0
6056,0
32704,0
46150,0
11765,0
3230,0
55684,0
53793,0
28739,0
26416,0
32592,0
51349,0
3976,0
33582,0
22806,0
38205,0
5459,0
10915,0
34522,0
58628,1
29812,0
4832,0
8343,0
51070,0
43174,0
1077,0
54187,0
56100,0
27030,0
35039,0
42113,0
7365,0
27270,0
23900,0
18142,0
3000,0
8760,0
27434,1
10951,1
22050,0
50208,0
14520,0
52758,0
15836,1
42259,0
44784,0
44160,0
19025,0
30883,0
57298,0
38422,0
33628,0
44777,0
56476,0
35722,0
35928,0
24334,0
12400,0
38989,0
53065,0
48967,0
9165,0
32901,0
30120,0
54191,0
17704,1
2417,0
10339,0
35020,0
58279,0
40636,0
15879,0
4120,0
20021,0
33102,0
32170,0
12950,0
28574,0
26577,0
38564,0
23320,0
51867,0
33658,0
51102,0
2829,0
11632,1
9736,1
32960,0
49515,0
52903,0
29913,0
26821,0
49866,0
24991,0
4865,0
19270,0
31215,0
441,0
17287,0
33284,0
13270,0
47938,0
8414,0
46123,1
31272,1
56551,0
195,0
19428,0
42034,0
2705,0
30689,0
54688,0
18417,0
19376,0
56722,0
25974,0
43479,0
48494,0
46953,0
53458,0
32942,0
33162,0
46769,1
20933,0
48423,1
53146,0
31981,0
48265,0
52584,0
1470,0
4559,0
42631,0
48891,0
55009,0
4071,0
18797,0
28051,0
36743,0
29212,0
32724,0
47527,0
57912,0
29626,1
31,0
28361,0
31297,1
33352,0
2323,0
21660,0
32234,1
55331,0
58460,0
19869,0
15423,0
9841,0
30007,0
1157,0
10413,0
37867,0
34366,0
27620,0
52218,0
12547,0
36301,0
29746,1
54243,0
38542,0
3858,0
50950,0
11993,1
20568,1
31635,0
19746,0
2772,0
4745,0
31456,0
49488,0
50827,0
28566,0
42071,0
26316,0
21862,0
29623,0
56739,0
37638,0
57538,0
13352,0
15938,0
1788,1
2740,0
56775,1
13326,0
6427,0
56062,0
5908,0
3876,0
12233,0
13058,0
3433,0
52079,1
34468,0
4034,0
42063,0
32865,0
12711,0
44606,0
35210,0
31869,0
7290,0
15486,0
17471,0
10890,0
57788,0
40587,0
29931,0
55794,0
3161,0
25882,0
55867,0
24961,0
28791,0
37894,0
7078,0
49165,1
25387,0
30888,0
31265,0
26633,0
57391,0
47257,0
2081,0
36796,0
23293,0
13579,0
27347,0
48937,0
2087,0
31901,1
49498,0
51138,0
35296,0
48929,0
41021,0
54193,0
39987,0
45018,0
39805,0
5685,0
31947,0
44418,1
6956,1
3296,0
523,0
56380,0
7962,0
20297,0
23417,0
7789,0
22697,0
7517,1
5343,0
12728,0
21495,0
38238,1
8409,0
58609,1
58448,0
39999,0
41601,1
53165,0
55884,0
743,0
17860,0
6676,0
33830,0
8586,0
24375,0
23448,0
3068,0
1654,0
18484,0
19902,0
14064,0
8231,0
23647,1
32512,0
48900,1
35491,1
21297,0
3759,0
52624,0
2676,0
6585,1
10098,0
5130,0
7779,0
47772,0
45220,0
28353,0
1930,0
19537,0
49560,0
24433,0
36372,0
46533,0
36420,0
31138,0
5046,0
47173,0
45425,0
31271,0
11541,0
14935,0
15020,1
43465,0
8393,0
37652,1
16145,0
37236,1
10250,1
29695,0
38487,0
53866,0
19802,0
42333,1
34376,0
55384,0
19499,0
7459,1
42340,0
56001,0
29688,0
58082,0
38385,0
6365,0
5923,0
10044,0
50641,0
11018,0
12160,1
42379,0
10992,0
8648,0
43891,0
34478,0
49375,0
40930,0
53010,0
55011,0
33942,0
9568,0
39057,0
55005,0
10347,0
58133,0
56261,0
56277,0
58580,0
37704,0
883,0
31392,0
42182,0
57757,0
16875,0
34259,0
42785,1
3610,0
33559,0
38300,0
55865,0
25309,0
2464,0
36429,0
15871,0
28839,0
56650,0
9506,0
34240,0
52177,1
36926,0
40223,0
47942,0
8057,0
18367,0
45652,0
19489,1
34007,0
28191,0
5540,0
14513,0
58321,0
13845,0
14786,0
17086,0
14994,0
22803,0
27522,1
21981,0
46555,0
46076,0
25133,0
56734,0
50046,0
26794,0
32680,0
13099,0
57993,0
35662,1
49790,0
55512,0
7342,0
33278,0
43867,0
46536,0
35708,0
18455,0
12428,0
53877,0
40377,0
50977,0
5005,1
42966,0
35156,0
41775,0
28870,0
640,0
29887,0
47139,0
48137,0
7294,1
41771,0
2875,0
12781,0
11566,0
32359,0
54163,0
33184,0
16839,0
248,0
11453,0
9324,0
45868,0
6034,0
29130,0
27026,0
17827,0
15325,0
11493,1
26326,0
12653,0
5503,0
28600,0
42234,0
56175,1
55660,0
51079,0
15110,0
4816,0
34411,0
38005,0
39702,0
20160,1
57833,0
3607,0
27427,1
48362,0
28519,1
49450,0
42706,0
19948,0
9440,0
57805,0
26640,0
2732,0
14129,0
28189,0
2624,0
43252,0
41306,0
31691,1
33390,0
46570,0
18153,0
8850,0
35347,0
50322,0
55621,0
43969,1
39599,0
5354,0
15124,1
21955,0
58045,0
39204,0
53661,0
39512,0
36033,0
40614,0
35252,0
8322,0
9750,0
25646,0
2211,0
15505,0
54136,0
7519,0
32179,1
25292,0
58384,0
54323,0
33230,0
24659,0
34200,0
22385,0
25635,0
7544,0
57430,0
7153,1
22704,0
28726,1
53704,0
28652,0
33152,0
46827,0
38074,0
50999,0
5553,0
49638,0
16750,0
407,0
50546,0
39376,1
40400,0
43104,0
2284,0
50689,1
56435,1
56955,0
30186,0
27297,0
17090,0
22170,0
1417,0
37247,0
25514,0
13124,0
33579,0
11107,0
51753,0
23096,0
8647,0
19313,0
40237,0
3481,0
55097,0
55881,0
25983,0
8582,0
49461,0
21679,0
30655,1
19685,0
38795,0
31539,0
21111,1
57244,0
39859,0
51013,1
54511,0
43685,0
50919,0
49188,0
8224,0
44355,0
27093,0
52499,0
30896,0
6215,0
10026,0
8093,0
3351,0
20554,0
9240,1
34439,0
39441,0
56113,0
57169,0
13378,0
7441,0
58294,0
22518,0
57596,0
45693,0
21899,0
54309,0
5186,0
37824,0
28126,0
19221,0
39739,1
27902,0
57705,0
2401,0
54087,0
14845,0
47046,0
8976,0
267,0
10814,0
3108,0
8883,0
34909,0
54832,0
49614,0
862,0
56806,0
474,0
29758,0
47048,0
53500,0
32002,0
4867,0
21968,0
6981,0
46200,0
5746,1
214,0
40553,0
712,0
23269,0
15004,0
12114,1
17299,0
1131,0
21391,0
54581,0
48881,0
37263,0
7963,1
26827,0
5245,0
54873,0
15381,1
17999,0
9803,0
16610,0
6882,1
14835,0
6810,0
53885,0
56378,1
5304,0
58261,0
31277,0
8808,0
35492,0
24157,0
17052,0
12575,1
46077,0
6261,0
22685,0
8345,1
58143,0
25926,0
36882,0
7635,0
31173,0
16694,0
47166,0
21766,0
17395,0
34968,0
24033,0
3049,0
6217,0
46756,0
49,0
16386,0
49892,0
45187,0
37897,0
6529,0
22279,0
27318,0
21768,0
55700,0
8022,1
2943,0
2337,0
58069,0
24985,0
22175,0
40256,0
36313,0
24869,1
23463,0
12814,0
43101,0
53109,0
50212,0
54976,0
8365,0
33899,0
20094,0
49696,0
34244,0
32744,1
419,0
56426,0
5794,0
29337,1
54974,0
15769,0
55968,0
57531,0
58362,0
40971,1
54399,0
20579,0
35715,0
2020,0
3027,1
12102,0
49964,0
3243,1
56791,0
28860,0
16416,0
25329,1
54715,0
15851,0
49128,1
42528,0
41254,0
4082,0
57047,0
26518,0
16424,0
28934,0
16033,0
24062,0
31791,0
9326,0
34233,0
54319,0
28146,1
7142,1
42630,0
17133,0
49307,0
15132,0
23537,0
32770,0
3663,0
9744,0
54491,0
39297,0
44390,0
8344,0
6113,0
11878,0
25388,0
26422,1
29901,0
43640,0
49359,0
11756,0
30003,0
24701,0
25902,0
10280,0
30149,0
1952,1
16931,0
18473,0
2086,0
41558,0
6143,1
51420,1
13592,0
57546,0
18295,0
34757,0
52093,0
23638,0
5987,0
38479,0
38321,0
3643,0
58618,0
7247,0
47976,1
55073,1
38983,0
57651,0
11153,0
55675,0
28294,0
29321,0
57716,0
1057,1
56199,0
6923,0
15443,0
32910,0
2799,0
27379,0
43177,1
37456,0
18668,0
29141,0
49213,0
53102,0
29864,0
32087,0
10325,0
24692,0
19274,0
5579,0
7540,0
49387,0
39513,0
36933,0
18453,0
26450,0
56624,0
39073,1
18519,1
37516,0
22980,1
49460,0
1668,0
10653,0
46527,0
29271,0
30208,0
15982,0
15075,0
33771,0
36333,0
42991,0
44735,0
4919,0
6016,0
16742,0
15610,0
17109,0
16814,0
16109,0
40442,0
56778,0
28107,0
19466,0
6244,1
57313,1
3486,0
35836,0
2480,0
41590,0
19166,0
42773,0
354,0
21750,0
53481,0
13717,0
19302,0
12934,0
39660,0
28657,0
24735,0
23520,0
